Time_ms,Speed_kmh,RPM,Gear,Throttle,Brake,Steering,Lat_G,Long_G,FL_Comp,FR_Comp,RL_Comp,RR_Comp,Front_Slip,Rear_Slip,Session_Id,Session_Timestamp_UTC,Physics_Hz,Test_Id,Track_Scene,Vehicle_Node_Path,Vehicle_Scene,Vehicle_Script,Setup_Schema_Version,Setup_JSON
16,0.00,3605.6,1,1.000,0.000,0.000,0.000,-0.000,50.00,50.00,50.00,50.00,0.0000,0.0000,"rust_physics_benchmark","2026-08-15T00:00:00Z",60,"PHY_SIM","res://scenes/tracks/test_field/la_chutana_generated.tscn","VehicleRigidBody","res://scenes/vehicles/jordan_197/jordan_197.tscn","res://addons/gevp/scripts/vehicle.gd",1,"{}"
33,0.00,3708.8,1,1.000,0.000,0.000,0.000,0.000,50.00,50.00,50.00,50.00,0.0000,0.0000,"rust_physics_benchmark","2026-08-15T00:00:00Z",60,"PHY_SIM","res://scenes/tracks/test_field/la_chutana_generated.tscn","VehicleRigidBody","res://scenes/vehicles/jordan_197/jordan_197.tscn","res://addons/gevp/scripts/vehicle.gd",1,"{}"
50,0.06,3809.4,1,1.000,0.000,0.000,0.000,0.099,50.00,50.00,50.00,50.00,0.0000,0.0000,"rust_physics_benchmark","2026-08-15T00:00:00Z",60,"PHY_SIM","res://scenes/tracks/test_field/la_chutana_generated.tscn","VehicleRigidBody","res://scenes/vehicles/jordan_197/jordan_197.tscn","res://addons/gevp/scripts/vehicle.gd",1,"{}"
66,0.15,3907.1,1,1.000,0.000,0.000,0.000,0.148,50.00,50.00,50.00,50.00,0.0000,0.0000,"rust_physics_benchmark","2026-08-15T00:00:00Z",60,"PHY_SIM","res://scenes/tracks/test_field/la_chutana_generated.tscn","VehicleRigidBody","res://scenes/vehicles/jordan_197/jordan_197.tscn","res://addons/gevp/scripts/vehicle.gd",1,"{}"
83,0.26,4001.8,1,1.000,0.000,0.000,0.000,0.199,50.00,50.00,50.00,50.00,0.0000,0.0000,"rust_physics_benchmark","2026-08-15T00:00:00Z",60,"PHY_SIM","res://scenes/tracks/test_field/la_chutana_generated.tscn","VehicleRigidBody","res://scenes/vehicles/jordan_197/jordan_197.tscn","res://addons/gevp/scripts/vehicle.gd",1,"{}"
99,0.40,4093.4,1,1.000,0.000,0.000,0.000,0.240,50.00,50.00,50.00,50.00,0.0000,0.0000,"rust_physics_benchmark","2026-08-15T00:00:00Z",60,"PHY_SIM","res://scenes/tracks/test_field/la_chutana_generated.tscn","VehicleRigidBody","res://scenes/vehicles/jordan_197/jordan_197.tscn","res://addons/gevp/scripts/vehicle.gd",1,"{}"
116,0.57,4181.8,1,1.000,0.000,0.000,0.000,0.292,50.00,50.00,50.00,50.00,0.0000,0.0000,"rust_physics_benchmark","2026-08-15T00:00:00Z",60,"PHY_SIM","res://scenes/tracks/test_field/la_chutana_generated.tscn","VehicleRigidBody","res://scenes/vehicles/jordan_197/jordan_197.tscn","res://addons/gevp/scripts/vehicle.gd",1,"{}"
133,0.78,4267.0,1,1.000,0.000,0.000,0.000,0.343,50.00,50.00,50.00,50.00,0.0000,0.0000,"rust_physics_benchmark","2026-08-15T00:00:00Z",60,"PHY_SIM","res://scenes/tracks/test_field/la_chutana_generated.tscn","VehicleRigidBody","res://scenes/vehicles/jordan_197/jordan_197.tscn","res://addons/gevp/scripts/vehicle.gd",1,"{}"
150,1.01,4348.7,1,1.000,0.000,0.000,0.000,0.394,50.00,50.00,50.00,50.00,0.0000,0.0000,"rust_physics_benchmark","2026-08-15T00:00:00Z",60,"PHY_SIM","res://scenes/tracks/test_field/la_chutana_generated.tscn","VehicleRigidBody","res://scenes/vehicles/jordan_197/jordan_197.tscn","res://addons/gevp/scripts/vehicle.gd",1,"{}"
166,1.27,4427.2,1,1.000,0.000,0.000,0.000,0.444,50.00,50.00,50.00,50.00,0.0000,0.0000,"rust_physics_benchmark","2026-08-15T00:00:00Z",60,"PHY_SIM","res://scenes/tracks/test_field/la_chutana_generated.tscn","VehicleRigidBody","res://scenes/vehicles/jordan_197/jordan_197.tscn","res://addons/gevp/scripts/vehicle.gd",1,"{}"
183,1.56,4502.2,1,1.000,0.000,0.000,0.000,0.494,50.00,50.00,50.00,50.00,0.0000,0.0000,"rust_physics_benchmark","2026-08-15T00:00:00Z",60,"PHY_SIM","res://scenes/tracks/test_field/la_chutana_generated.tscn","VehicleRigidBody","res://scenes/vehicles/jordan_197/jordan_197.tscn","res://addons/gevp/scripts/vehicle.gd",1,"{}"
199,1.88,4573.8,1,1.000,0.000,0.000,0.000,0.543,50.00,50.00,50.00,50.00,0.0000,0.0000,"rust_physics_benchmark","2026-08-15T00:00:00Z",60,"PHY_SIM","res://scenes/tracks/test_field/la_chutana_generated.tscn","VehicleRigidBody","res://scenes/vehicles/jordan_197/jordan_197.tscn","res://addons/gevp/scripts/vehicle.gd",1,"{}"
216,2.23,4642.1,1,1.000,0.000,0.000,0.000,0.591,50.00,50.00,50.00,50.00,0.0000,0.0000,"rust_physics_benchmark","2026-08-15T00:00:00Z",60,"PHY_SIM","res://scenes/tracks/test_field/la_chutana_generated.tscn","VehicleRigidBody","res://scenes/vehicles/jordan_197/jordan_197.tscn","res://addons/gevp/scripts/vehicle.gd",1,"{}"
233,2.60,4707.1,1,1.000,0.000,0.000,0.000,0.638,50.00,50.00,50.00,50.00,0.0000,0.0000,"rust_physics_benchmark","2026-08-15T00:00:00Z",60,"PHY_SIM","res://scenes/tracks/test_field/la_chutana_generated.tscn","VehicleRigidBody","res://scenes/vehicles/jordan_197/jordan_197.tscn","res://addons/gevp/scripts/vehicle.gd",1,"{}"
249,3.01,4768.9,1,1.000,0.000,0.000,0.000,0.683,50.00,50.00,50.00,50.00,0.0000,0.0000,"rust_physics_benchmark","2026-08-15T00:00:00Z",60,"PHY_SIM","res://scenes/tracks/test_field/la_chutana_generated.tscn","VehicleRigidBody","res://scenes/vehicles/jordan_197/jordan_197.tscn","res://addons/gevp/scripts/vehicle.gd",1,"{}"
266,3.43,4827.5,1,1.000,0.000,0.000,0.000,0.727,50.00,50.00,50.00,50.00,0.0000,0.0000,"rust_physics_benchmark","2026-08-15T00:00:00Z",60,"PHY_SIM","res://scenes/tracks/test_field/la_chutana_generated.tscn","VehicleRigidBody","res://scenes/vehicles/jordan_197/jordan_197.tscn","res://addons/gevp/scripts/vehicle.gd",1,"{}"
283,3.89,4882.9,1,1.000,0.000,0.000,0.000,0.769,50.00,50.00,50.00,50.00,0.0000,0.0000,"rust_physics_benchmark","2026-08-15T00:00:00Z",60,"PHY_SIM","res://scenes/tracks/test_field/la_chutana_generated.tscn","VehicleRigidBody","res://scenes/vehicles/jordan_197/jordan_197.tscn","res://addons/gevp/scripts/vehicle.gd",1,"{}"
300,4.36,4935.4,1,1.000,0.000,0.000,0.000,0.810,50.00,50.00,50.00,50.00,0.0000,0.0000,"rust_physics_benchmark","2026-08-15T00:00:00Z",60,"PHY_SIM","res://scenes/tracks/test_field/la_chutana_generated.tscn","VehicleRigidBody","res://scenes/vehicles/jordan_197/jordan_197.tscn","res://addons/gevp/scripts/vehicle.gd",1,"{}"
316,4.86,4984.9,1,1.000,0.000,0.000,0.000,0.850,50.00,50.00,50.00,50.00,0.0000,0.0000,"rust_physics_benchmark","2026-08-15T00:00:00Z",60,"PHY_SIM","res://scenes/tracks/test_field/la_chutana_generated.tscn","VehicleRigidBody","res://scenes/vehicles/jordan_197/jordan_197.tscn","res://addons/gevp/scripts/vehicle.gd",1,"{}"
333,5.38,5031.6,1,1.000,0.000,0.000,0.000,0.887,50.00,50.00,50.00,50.00,0.0000,0.0000,"rust_physics_benchmark","2026-08-15T00:00:00Z",60,"PHY_SIM","res://scenes/tracks/test_field/la_chutana_generated.tscn","VehicleRigidBody","res://scenes/vehicles/jordan_197/jordan_197.tscn","res://addons/gevp/scripts/vehicle.gd",1,"{}"
350,5.93,5075.7,1,1.000,0.000,0.000,0.000,0.923,50.00,50.00,50.00,50.00,0.0000,0.0000,"rust_physics_benchmark","2026-08-15T00:00:00Z",60,"PHY_SIM","res://scenes/tracks/test_field/la_chutana_generated.tscn","VehicleRigidBody","res://scenes/vehicles/jordan_197/jordan_197.tscn","res://addons/gevp/scripts/vehicle.gd",1,"{}"
366,6.49,5117.1,1,1.000,0.000,0.000,0.000,0.957,50.00,50.00,50.00,50.00,0.0000,0.0000,"rust_physics_benchmark","2026-08-15T00:00:00Z",60,"PHY_SIM","res://scenes/tracks/test_field/la_chutana_generated.tscn","VehicleRigidBody","res://scenes/vehicles/jordan_197/jordan_197.tscn","res://addons/gevp/scripts/vehicle.gd",1,"{}"
383,7.07,5156.0,1,1.000,0.000,0.000,0.000,0.990,50.00,50.00,50.00,50.00,0.0000,0.0000,"rust_physics_benchmark","2026-08-15T00:00:00Z",60,"PHY_SIM","res://scenes/tracks/test_field/la_chutana_generated.tscn","VehicleRigidBody","res://scenes/vehicles/jordan_197/jordan_197.tscn","res://addons/gevp/scripts/vehicle.gd",1,"{}"
399,7.67,5192.6,1,1.000,0.000,0.000,0.000,1.021,50.00,50.00,50.00,50.00,0.0000,0.0000,"rust_physics_benchmark","2026-08-15T00:00:00Z",60,"PHY_SIM","res://scenes/tracks/test_field/la_chutana_generated.tscn","VehicleRigidBody","res://scenes/vehicles/jordan_197/jordan_197.tscn","res://addons/gevp/scripts/vehicle.gd",1,"{}"
416,8.28,5226.9,1,1.000,0.000,0.000,0.000,1.028,50.00,50.00,50.00,50.00,0.0000,0.0000,"rust_physics_benchmark","2026-08-15T00:00:00Z",60,"PHY_SIM","res://scenes/tracks/test_field/la_chutana_generated.tscn","VehicleRigidBody","res://scenes/vehicles/jordan_197/jordan_197.tscn","res://addons/gevp/scripts/vehicle.gd",1,"{}"
433,8.88,5259.0,1,1.000,0.000,0.000,0.000,1.028,50.00,50.00,50.00,50.00,0.0000,0.0000,"rust_physics_benchmark","2026-08-15T00:00:00Z",60,"PHY_SIM","res://scenes/tracks/test_field/la_chutana_generated.tscn","VehicleRigidBody","res://scenes/vehicles/jordan_197/jordan_197.tscn","res://addons/gevp/scripts/vehicle.gd",1,"{}"
449,9.49,5289.1,1,1.000,0.000,0.000,0.000,1.028,50.00,50.00,50.00,50.00,0.0000,0.0000,"rust_physics_benchmark","2026-08-15T00:00:00Z",60,"PHY_SIM","res://scenes/tracks/test_field/la_chutana_generated.tscn","VehicleRigidBody","res://scenes/vehicles/jordan_197/jordan_197.tscn","res://addons/gevp/scripts/vehicle.gd",1,"{}"
466,10.09,4394.6,1,1.000,0.000,0.000,0.000,1.028,50.00,50.00,50.00,50.00,0.0000,0.0000,"rust_physics_benchmark","2026-08-15T00:00:00Z",60,"PHY_SIM","res://scenes/tracks/test_field/la_chutana_generated.tscn","VehicleRigidBody","res://scenes/vehicles/jordan_197/jordan_197.tscn","res://addons/gevp/scripts/vehicle.gd",1,"{}"
483,10.70,4471.0,1,1.000,0.000,0.000,0.000,1.029,50.00,50.00,50.00,50.00,0.0000,0.0000,"rust_physics_benchmark","2026-08-15T00:00:00Z",60,"PHY_SIM","res://scenes/tracks/test_field/la_chutana_generated.tscn","VehicleRigidBody","res://scenes/vehicles/jordan_197/jordan_197.tscn","res://addons/gevp/scripts/vehicle.gd",1,"{}"
499,11.30,4544.1,1,1.000,0.000,0.000,0.000,1.029,50.00,50.00,50.00,50.00,0.0000,0.0000,"rust_physics_benchmark","2026-08-15T00:00:00Z",60,"PHY_SIM","res://scenes/tracks/test_field/la_chutana_generated.tscn","VehicleRigidBody","res://scenes/vehicles/jordan_197/jordan_197.tscn","res://addons/gevp/scripts/vehicle.gd",1,"{}"
516,11.91,4613.8,1,1.000,0.000,0.000,0.000,1.029,50.00,50.00,50.00,50.00,0.0000,0.0000,"rust_physics_benchmark","2026-08-15T00:00:00Z",60,"PHY_SIM","res://scenes/tracks/test_field/la_chutana_generated.tscn","VehicleRigidBody","res://scenes/vehicles/jordan_197/jordan_197.tscn","res://addons/gevp/scripts/vehicle.gd",1,"{}"
533,12.52,4680.2,1,1.000,0.000,0.000,0.000,1.029,50.00,50.00,50.00,50.00,0.0000,0.0000,"rust_physics_benchmark","2026-08-15T00:00:00Z",60,"PHY_SIM","res://scenes/tracks/test_field/la_chutana_generated.tscn","VehicleRigidBody","res://scenes/vehicles/jordan_197/jordan_197.tscn","res://addons/gevp/scripts/vehicle.gd",1,"{}"
550,13.12,4743.3,1,1.000,0.000,0.000,0.000,1.029,50.00,50.00,50.00,50.00,0.0000,0.0000,"rust_physics_benchmark","2026-08-15T00:00:00Z",60,"PHY_SIM","res://scenes/tracks/test_field/la_chutana_generated.tscn","VehicleRigidBody","res://scenes/vehicles/jordan_197/jordan_197.tscn","res://addons/gevp/scripts/vehicle.gd",1,"{}"
566,13.73,4803.2,1,1.000,0.000,0.000,0.000,1.030,50.00,50.00,50.00,50.00,0.0000,0.0000,"rust_physics_benchmark","2026-08-15T00:00:00Z",60,"PHY_SIM","res://scenes/tracks/test_field/la_chutana_generated.tscn","VehicleRigidBody","res://scenes/vehicles/jordan_197/jordan_197.tscn","res://addons/gevp/scripts/vehicle.gd",1,"{}"
583,14.33,4859.9,1,1.000,0.000,0.000,0.000,1.030,50.00,50.00,50.00,50.00,0.0000,0.0000,"rust_physics_benchmark","2026-08-15T00:00:00Z",60,"PHY_SIM","res://scenes/tracks/test_field/la_chutana_generated.tscn","VehicleRigidBody","res://scenes/vehicles/jordan_197/jordan_197.tscn","res://addons/gevp/scripts/vehicle.gd",1,"{}"
600,14.94,4913.7,1,1.000,0.000,0.000,0.000,1.030,50.00,50.00,50.00,50.00,0.0000,0.0000,"rust_physics_benchmark","2026-08-15T00:00:00Z",60,"PHY_SIM","res://scenes/tracks/test_field/la_chutana_generated.tscn","VehicleRigidBody","res://scenes/vehicles/jordan_197/jordan_197.tscn","res://addons/gevp/scripts/vehicle.gd",1,"{}"
616,15.55,4964.4,1,1.000,0.000,0.000,0.000,1.030,50.00,50.00,50.00,50.00,0.0000,0.0000,"rust_physics_benchmark","2026-08-15T00:00:00Z",60,"PHY_SIM","res://scenes/tracks/test_field/la_chutana_generated.tscn","VehicleRigidBody","res://scenes/vehicles/jordan_197/jordan_197.tscn","res://addons/gevp/scripts/vehicle.gd",1,"{}"
633,16.15,5012.3,1,1.000,0.000,0.000,0.000,1.031,50.00,50.00,50.00,50.00,0.0000,0.0000,"rust_physics_benchmark","2026-08-15T00:00:00Z",60,"PHY_SIM","res://scenes/tracks/test_field/la_chutana_generated.tscn","VehicleRigidBody","res://scenes/vehicles/jordan_197/jordan_197.tscn","res://addons/gevp/scripts/vehicle.gd",1,"{}"
650,16.76,5057.5,1,1.000,0.000,0.000,0.000,1.031,50.00,50.00,50.00,50.00,0.0000,0.0000,"rust_physics_benchmark","2026-08-15T00:00:00Z",60,"PHY_SIM","res://scenes/tracks/test_field/la_chutana_generated.tscn","VehicleRigidBody","res://scenes/vehicles/jordan_197/jordan_197.tscn","res://addons/gevp/scripts/vehicle.gd",1,"{}"
666,17.37,5100.0,1,1.000,0.000,0.000,0.000,1.031,50.00,50.00,50.00,50.00,0.0000,0.0000,"rust_physics_benchmark","2026-08-15T00:00:00Z",60,"PHY_SIM","res://scenes/tracks/test_field/la_chutana_generated.tscn","VehicleRigidBody","res://scenes/vehicles/jordan_197/jordan_197.tscn","res://addons/gevp/scripts/vehicle.gd",1,"{}"
683,17.97,5139.9,1,1.000,0.000,0.000,0.000,1.031,50.00,50.00,50.00,50.00,0.0000,0.0000,"rust_physics_benchmark","2026-08-15T00:00:00Z",60,"PHY_SIM","res://scenes/tracks/test_field/la_chutana_generated.tscn","VehicleRigidBody","res://scenes/vehicles/jordan_197/jordan_197.tscn","res://addons/gevp/scripts/vehicle.gd",1,"{}"
700,18.58,5177.5,1,1.000,0.000,0.000,0.000,1.032,50.00,50.00,50.00,50.00,0.0000,0.0000,"rust_physics_benchmark","2026-08-15T00:00:00Z",60,"PHY_SIM","res://scenes/tracks/test_field/la_chutana_generated.tscn","VehicleRigidBody","res://scenes/vehicles/jordan_197/jordan_197.tscn","res://addons/gevp/scripts/vehicle.gd",1,"{}"
716,19.19,5212.7,1,1.000,0.000,0.000,0.000,1.032,50.00,50.00,50.00,50.00,0.0000,0.0000,"rust_physics_benchmark","2026-08-15T00:00:00Z",60,"PHY_SIM","res://scenes/tracks/test_field/la_chutana_generated.tscn","VehicleRigidBody","res://scenes/vehicles/jordan_197/jordan_197.tscn","res://addons/gevp/scripts/vehicle.gd",1,"{}"
733,19.79,5245.7,1,1.000,0.000,0.000,0.000,1.032,50.00,50.00,50.00,50.00,0.0000,0.0000,"rust_physics_benchmark","2026-08-15T00:00:00Z",60,"PHY_SIM","res://scenes/tracks/test_field/la_chutana_generated.tscn","VehicleRigidBody","res://scenes/vehicles/jordan_197/jordan_197.tscn","res://addons/gevp/scripts/vehicle.gd",1,"{}"
750,20.40,5276.7,1,1.000,0.000,0.000,0.000,1.033,50.00,50.00,50.00,50.00,0.0000,0.0000,"rust_physics_benchmark","2026-08-15T00:00:00Z",60,"PHY_SIM","res://scenes/tracks/test_field/la_chutana_generated.tscn","VehicleRigidBody","res://scenes/vehicles/jordan_197/jordan_197.tscn","res://addons/gevp/scripts/vehicle.gd",1,"{}"
766,21.01,5305.7,1,1.000,0.000,0.000,0.000,1.033,50.00,50.00,50.00,50.00,0.0000,0.0000,"rust_physics_benchmark","2026-08-15T00:00:00Z",60,"PHY_SIM","res://scenes/tracks/test_field/la_chutana_generated.tscn","VehicleRigidBody","res://scenes/vehicles/jordan_197/jordan_197.tscn","res://addons/gevp/scripts/vehicle.gd",1,"{}"
783,21.62,5328.9,1,1.000,0.000,0.000,0.000,1.033,50.00,50.00,50.00,50.00,0.0000,0.0000,"rust_physics_benchmark","2026-08-15T00:00:00Z",60,"PHY_SIM","res://scenes/tracks/test_field/la_chutana_generated.tscn","VehicleRigidBody","res://scenes/vehicles/jordan_197/jordan_197.tscn","res://addons/gevp/scripts/vehicle.gd",1,"{}"
800,22.23,5434.7,1,1.000,0.000,0.000,0.000,1.034,50.00,50.00,50.00,50.00,0.0000,0.0000,"rust_physics_benchmark","2026-08-15T00:00:00Z",60,"PHY_SIM","res://scenes/tracks/test_field/la_chutana_generated.tscn","VehicleRigidBody","res://scenes/vehicles/jordan_197/jordan_197.tscn","res://addons/gevp/scripts/vehicle.gd",1,"{}"
816,22.83,5583.4,1,1.000,0.000,0.000,0.000,1.034,50.00,50.00,50.00,50.00,0.0000,0.0000,"rust_physics_benchmark","2026-08-15T00:00:00Z",60,"PHY_SIM","res://scenes/tracks/test_field/la_chutana_generated.tscn","VehicleRigidBody","res://scenes/vehicles/jordan_197/jordan_197.tscn","res://addons/gevp/scripts/vehicle.gd",1,"{}"
833,23.44,5769.6,1,1.000,0.000,0.000,0.000,1.035,50.00,50.00,50.00,50.00,0.0000,0.0000,"rust_physics_benchmark","2026-08-15T00:00:00Z",60,"PHY_SIM","res://scenes/tracks/test_field/la_chutana_generated.tscn","VehicleRigidBody","res://scenes/vehicles/jordan_197/jordan_197.tscn","res://addons/gevp/scripts/vehicle.gd",1,"{}"
850,24.05,5977.5,1,1.000,0.000,0.000,0.000,1.035,50.00,50.00,50.00,50.00,0.0000,0.0000,"rust_physics_benchmark","2026-08-15T00:00:00Z",60,"PHY_SIM","res://scenes/tracks/test_field/la_chutana_generated.tscn","VehicleRigidBody","res://scenes/vehicles/jordan_197/jordan_197.tscn","res://addons/gevp/scripts/vehicle.gd",1,"{}"
866,24.66,6199.6,1,1.000,0.000,0.000,0.000,1.035,50.00,50.00,50.00,50.00,0.0000,0.0000,"rust_physics_benchmark","2026-08-15T00:00:00Z",60,"PHY_SIM","res://scenes/tracks/test_field/la_chutana_generated.tscn","VehicleRigidBody","res://scenes/vehicles/jordan_197/jordan_197.tscn","res://addons/gevp/scripts/vehicle.gd",1,"{}"
883,25.27,6432.9,1,1.000,0.000,0.000,0.000,1.036,50.00,50.00,50.00,50.00,0.0000,0.0000,"rust_physics_benchmark","2026-08-15T00:00:00Z",60,"PHY_SIM","res://scenes/tracks/test_field/la_chutana_generated.tscn","VehicleRigidBody","res://scenes/vehicles/jordan_197/jordan_197.tscn","res://addons/gevp/scripts/vehicle.gd",1,"{}"
900,25.88,6675.8,1,1.000,0.000,0.000,0.000,1.036,50.00,50.00,50.00,50.00,0.0000,0.0000,"rust_physics_benchmark","2026-08-15T00:00:00Z",60,"PHY_SIM","res://scenes/tracks/test_field/la_chutana_generated.tscn","VehicleRigidBody","res://scenes/vehicles/jordan_197/jordan_197.tscn","res://addons/gevp/scripts/vehicle.gd",1,"{}"
916,26.49,6928.1,1,1.000,0.000,0.000,0.000,1.037,50.00,50.00,50.00,50.00,0.0000,0.0000,"rust_physics_benchmark","2026-08-15T00:00:00Z",60,"PHY_SIM","res://scenes/tracks/test_field/la_chutana_generated.tscn","VehicleRigidBody","res://scenes/vehicles/jordan_197/jordan_197.tscn","res://addons/gevp/scripts/vehicle.gd",1,"{}"
933,27.10,7189.6,1,1.000,0.000,0.000,0.000,1.037,50.00,50.00,50.00,50.00,0.0000,0.0000,"rust_physics_benchmark","2026-08-15T00:00:00Z",60,"PHY_SIM","res://scenes/tracks/test_field/la_chutana_generated.tscn","VehicleRigidBody","res://scenes/vehicles/jordan_197/jordan_197.tscn","res://addons/gevp/scripts/vehicle.gd",1,"{}"
950,27.71,7460.7,1,1.000,0.000,0.000,0.000,1.038,50.00,50.00,50.00,50.00,0.0000,0.0000,"rust_physics_benchmark","2026-08-15T00:00:00Z",60,"PHY_SIM","res://scenes/tracks/test_field/la_chutana_generated.tscn","VehicleRigidBody","res://scenes/vehicles/jordan_197/jordan_197.tscn","res://addons/gevp/scripts/vehicle.gd",1,"{}"
966,28.32,7741.5,1,1.000,0.000,0.000,0.000,1.038,50.00,50.00,50.00,50.00,0.0000,0.0000,"rust_physics_benchmark","2026-08-15T00:00:00Z",60,"PHY_SIM","res://scenes/tracks/test_field/la_chutana_generated.tscn","VehicleRigidBody","res://scenes/vehicles/jordan_197/jordan_197.tscn","res://addons/gevp/scripts/vehicle.gd",1,"{}"
983,28.93,8032.5,1,1.000,0.000,0.000,0.000,1.038,50.00,50.00,50.00,50.00,0.0000,0.0000,"rust_physics_benchmark","2026-08-15T00:00:00Z",60,"PHY_SIM","res://scenes/tracks/test_field/la_chutana_generated.tscn","VehicleRigidBody","res://scenes/vehicles/jordan_197/jordan_197.tscn","res://addons/gevp/scripts/vehicle.gd",1,"{}"
1000,29.54,8333.9,1,1.000,0.000,0.000,0.000,1.039,50.00,50.00,50.00,50.00,0.0000,0.0000,"rust_physics_benchmark","2026-08-15T00:00:00Z",60,"PHY_SIM","res://scenes/tracks/test_field/la_chutana_generated.tscn","VehicleRigidBody","res://scenes/vehicles/jordan_197/jordan_197.tscn","res://addons/gevp/scripts/vehicle.gd",1,"{}"
1016,30.16,8646.2,1,1.000,0.000,0.000,0.000,1.039,50.00,50.00,50.00,50.00,0.0000,0.0000,"rust_physics_benchmark","2026-08-15T00:00:00Z",60,"PHY_SIM","res://scenes/tracks/test_field/la_chutana_generated.tscn","VehicleRigidBody","res://scenes/vehicles/jordan_197/jordan_197.tscn","res://addons/gevp/scripts/vehicle.gd",1,"{}"
1033,30.77,8969.7,1,1.000,0.000,0.000,0.000,1.040,50.00,50.00,50.00,50.00,0.0000,0.0000,"rust_physics_benchmark","2026-08-15T00:00:00Z",60,"PHY_SIM","res://scenes/tracks/test_field/la_chutana_generated.tscn","VehicleRigidBody","res://scenes/vehicles/jordan_197/jordan_197.tscn","res://addons/gevp/scripts/vehicle.gd",1,"{}"
1050,31.38,9304.7,1,1.000,0.000,0.000,0.000,1.041,50.00,50.00,50.00,50.00,0.0000,0.0000,"rust_physics_benchmark","2026-08-15T00:00:00Z",60,"PHY_SIM","res://scenes/tracks/test_field/la_chutana_generated.tscn","VehicleRigidBody","res://scenes/vehicles/jordan_197/jordan_197.tscn","res://addons/gevp/scripts/vehicle.gd",1,"{}"
1066,31.99,9650.8,1,1.000,0.000,0.000,0.000,1.041,50.00,50.00,50.00,50.00,0.0000,0.0000,"rust_physics_benchmark","2026-08-15T00:00:00Z",60,"PHY_SIM","res://scenes/tracks/test_field/la_chutana_generated.tscn","VehicleRigidBody","res://scenes/vehicles/jordan_197/jordan_197.tscn","res://addons/gevp/scripts/vehicle.gd",1,"{}"
1083,32.61,10007.2,1,1.000,0.000,0.000,0.000,1.042,50.00,50.00,50.00,50.00,0.0000,0.0000,"rust_physics_benchmark","2026-08-15T00:00:00Z",60,"PHY_SIM","res://scenes/tracks/test_field/la_chutana_generated.tscn","VehicleRigidBody","res://scenes/vehicles/jordan_197/jordan_197.tscn","res://addons/gevp/scripts/vehicle.gd",1,"{}"
1100,33.22,10374.0,1,1.000,0.000,0.000,0.000,1.042,50.00,50.00,50.00,50.00,0.0000,0.0000,"rust_physics_benchmark","2026-08-15T00:00:00Z",60,"PHY_SIM","res://scenes/tracks/test_field/la_chutana_generated.tscn","VehicleRigidBody","res://scenes/vehicles/jordan_197/jordan_197.tscn","res://addons/gevp/scripts/vehicle.gd",1,"{}"
1116,33.83,10751.2,1,1.000,0.000,0.000,0.000,1.043,50.00,50.00,50.00,50.00,0.0000,0.0000,"rust_physics_benchmark","2026-08-15T00:00:00Z",60,"PHY_SIM","res://scenes/tracks/test_field/la_chutana_generated.tscn","VehicleRigidBody","res://scenes/vehicles/jordan_197/jordan_197.tscn","res://addons/gevp/scripts/vehicle.gd",1,"{}"
1133,34.45,11138.2,1,1.000,0.000,0.000,0.000,1.043,50.00,50.00,50.00,50.00,0.0000,0.0000,"rust_physics_benchmark","2026-08-15T00:00:00Z",60,"PHY_SIM","res://scenes/tracks/test_field/la_chutana_generated.tscn","VehicleRigidBody","res://scenes/vehicles/jordan_197/jordan_197.tscn","res://addons/gevp/scripts/vehicle.gd",1,"{}"
1150,35.06,11526.5,1,1.000,0.000,0.000,0.000,1.044,50.00,50.00,50.00,50.00,0.0000,0.0000,"rust_physics_benchmark","2026-08-15T00:00:00Z",60,"PHY_SIM","res://scenes/tracks/test_field/la_chutana_generated.tscn","VehicleRigidBody","res://scenes/vehicles/jordan_197/jordan_197.tscn","res://addons/gevp/scripts/vehicle.gd",1,"{}"
1166,35.67,11912.0,1,1.000,0.000,0.000,0.000,1.044,50.00,50.00,50.00,50.00,0.0000,0.0000,"rust_physics_benchmark","2026-08-15T00:00:00Z",60,"PHY_SIM","res://scenes/tracks/test_field/la_chutana_generated.tscn","VehicleRigidBody","res://scenes/vehicles/jordan_197/jordan_197.tscn","res://addons/gevp/scripts/vehicle.gd",1,"{}"
1183,36.29,12157.5,1,1.000,0.000,0.000,0.000,1.045,50.00,50.00,50.00,50.00,0.0000,0.0000,"rust_physics_benchmark","2026-08-15T00:00:00Z",60,"PHY_SIM","res://scenes/tracks/test_field/la_chutana_generated.tscn","VehicleRigidBody","res://scenes/vehicles/jordan_197/jordan_197.tscn","res://addons/gevp/scripts/vehicle.gd",1,"{}"
1200,36.12,12369.6,1,1.000,0.000,0.000,0.000,-0.281,50.00,50.00,50.00,50.00,0.0000,0.0000,"rust_physics_benchmark","2026-08-15T00:00:00Z",60,"PHY_SIM","res://scenes/tracks/test_field/la_chutana_generated.tscn","VehicleRigidBody","res://scenes/vehicles/jordan_197/jordan_197.tscn","res://addons/gevp/scripts/vehicle.gd",1,"{}"
1216,36.36,12546.9,1,1.000,0.000,0.000,0.000,0.397,50.00,50.00,50.00,50.00,0.0000,0.0000,"rust_physics_benchmark","2026-08-15T00:00:00Z",60,"PHY_SIM","res://scenes/tracks/test_field/la_chutana_generated.tscn","VehicleRigidBody","res://scenes/vehicles/jordan_197/jordan_197.tscn","res://addons/gevp/scripts/vehicle.gd",1,"{}"
1233,36.72,12692.9,1,1.000,0.000,0.000,0.000,0.620,50.00,50.00,50.00,50.00,0.0000,0.0000,"rust_physics_benchmark","2026-08-15T00:00:00Z",60,"PHY_SIM","res://scenes/tracks/test_field/la_chutana_generated.tscn","VehicleRigidBody","res://scenes/vehicles/jordan_197/jordan_197.tscn","res://addons/gevp/scripts/vehicle.gd",1,"{}"
1250,37.20,12810.4,1,1.000,0.000,0.000,0.000,0.806,50.00,50.00,50.00,50.00,0.0000,0.0000,"rust_physics_benchmark","2026-08-15T00:00:00Z",60,"PHY_SIM","res://scenes/tracks/test_field/la_chutana_generated.tscn","VehicleRigidBody","res://scenes/vehicles/jordan_197/jordan_197.tscn","res://addons/gevp/scripts/vehicle.gd",1,"{}"
1266,37.78,12901.7,1,1.000,0.000,0.000,0.000,0.986,50.00,50.00,50.00,50.00,0.0000,0.0000,"rust_physics_benchmark","2026-08-15T00:00:00Z",60,"PHY_SIM","res://scenes/tracks/test_field/la_chutana_generated.tscn","VehicleRigidBody","res://scenes/vehicles/jordan_197/jordan_197.tscn","res://addons/gevp/scripts/vehicle.gd",1,"{}"
1283,38.39,12968.7,1,1.000,0.000,0.000,0.000,1.045,50.00,50.00,50.00,50.00,0.0000,0.0000,"rust_physics_benchmark","2026-08-15T00:00:00Z",60,"PHY_SIM","res://scenes/tracks/test_field/la_chutana_generated.tscn","VehicleRigidBody","res://scenes/vehicles/jordan_197/jordan_197.tscn","res://addons/gevp/scripts/vehicle.gd",1,"{}"
1300,38.57,13012.6,1,1.000,0.000,0.000,0.000,0.303,50.00,50.00,50.00,50.00,0.0000,0.0000,"rust_physics_benchmark","2026-08-15T00:00:00Z",60,"PHY_SIM","res://scenes/tracks/test_field/la_chutana_generated.tscn","VehicleRigidBody","res://scenes/vehicles/jordan_197/jordan_197.tscn","res://addons/gevp/scripts/vehicle.gd",1,"{}"
1316,38.55,13034.9,1,1.000,0.000,0.000,0.000,-0.041,50.00,50.00,50.00,50.00,0.0000,0.0000,"rust_physics_benchmark","2026-08-15T00:00:00Z",60,"PHY_SIM","res://scenes/tracks/test_field/la_chutana_generated.tscn","VehicleRigidBody","res://scenes/vehicles/jordan_197/jordan_197.tscn","res://addons/gevp/scripts/vehicle.gd",1,"{}"
1333,38.67,8267.4,1,1.000,0.000,0.000,0.000,0.203,50.00,50.00,50.00,50.00,0.0000,0.0000,"rust_physics_benchmark","2026-08-15T00:00:00Z",60,"PHY_SIM","res://scenes/tracks/test_field/la_chutana_generated.tscn","VehicleRigidBody","res://scenes/vehicles/jordan_197/jordan_197.tscn","res://addons/gevp/scripts/vehicle.gd",1,"{}"
1350,39.07,3500.0,2,1.000,0.000,0.000,0.000,0.682,50.00,50.00,50.00,50.00,0.0000,0.0000,"rust_physics_benchmark","2026-08-15T00:00:00Z",60,"PHY_SIM","res://scenes/tracks/test_field/la_chutana_generated.tscn","VehicleRigidBody","res://scenes/vehicles/jordan_197/jordan_197.tscn","res://addons/gevp/scripts/vehicle.gd",1,"{}"
1366,39.19,3605.6,2,1.000,0.000,0.000,0.000,0.213,50.00,50.00,50.00,50.00,0.0000,0.0000,"rust_physics_benchmark","2026-08-15T00:00:00Z",60,"PHY_SIM","res://scenes/tracks/test_field/la_chutana_generated.tscn","VehicleRigidBody","res://scenes/vehicles/jordan_197/jordan_197.tscn","res://addons/gevp/scripts/vehicle.gd",1,"{}"
1383,39.13,3703.3,2,1.000,0.000,0.000,0.000,-0.105,50.00,50.00,50.00,50.00,0.0000,0.0000,"rust_physics_benchmark","2026-08-15T00:00:00Z",60,"PHY_SIM","res://scenes/tracks/test_field/la_chutana_generated.tscn","VehicleRigidBody","res://scenes/vehicles/jordan_197/jordan_197.tscn","res://addons/gevp/scripts/vehicle.gd",1,"{}"
1400,39.21,3792.2,2,1.000,0.000,0.000,0.000,0.134,50.00,50.00,50.00,50.00,0.0000,0.0000,"rust_physics_benchmark","2026-08-15T00:00:00Z",60,"PHY_SIM","res://scenes/tracks/test_field/la_chutana_generated.tscn","VehicleRigidBody","res://scenes/vehicles/jordan_197/jordan_197.tscn","res://addons/gevp/scripts/vehicle.gd",1,"{}"
1416,39.33,3871.7,2,1.000,0.000,0.000,0.000,0.211,50.00,50.00,50.00,50.00,0.0000,0.0000,"rust_physics_benchmark","2026-08-15T00:00:00Z",60,"PHY_SIM","res://scenes/tracks/test_field/la_chutana_generated.tscn","VehicleRigidBody","res://scenes/vehicles/jordan_197/jordan_197.tscn","res://addons/gevp/scripts/vehicle.gd",1,"{}"
1433,39.51,3941.2,2,1.000,0.000,0.000,0.000,0.294,50.00,50.00,50.00,50.00,0.0000,0.0000,"rust_physics_benchmark","2026-08-15T00:00:00Z",60,"PHY_SIM","res://scenes/tracks/test_field/la_chutana_generated.tscn","VehicleRigidBody","res://scenes/vehicles/jordan_197/jordan_197.tscn","res://addons/gevp/scripts/vehicle.gd",1,"{}"
1449,39.73,4000.2,2,1.000,0.000,0.000,0.000,0.379,50.00,50.00,50.00,50.00,0.0000,0.0000,"rust_physics_benchmark","2026-08-15T00:00:00Z",60,"PHY_SIM","res://scenes/tracks/test_field/la_chutana_generated.tscn","VehicleRigidBody","res://scenes/vehicles/jordan_197/jordan_197.tscn","res://addons/gevp/scripts/vehicle.gd",1,"{}"
1466,40.00,4048.2,2,1.000,0.000,0.000,0.000,0.466,50.00,50.00,50.00,50.00,0.0000,0.0000,"rust_physics_benchmark","2026-08-15T00:00:00Z",60,"PHY_SIM","res://scenes/tracks/test_field/la_chutana_generated.tscn","VehicleRigidBody","res://scenes/vehicles/jordan_197/jordan_197.tscn","res://addons/gevp/scripts/vehicle.gd",1,"{}"
1483,40.33,4084.7,2,1.000,0.000,0.000,0.000,0.553,50.00,50.00,50.00,50.00,0.0000,0.0000,"rust_physics_benchmark","2026-08-15T00:00:00Z",60,"PHY_SIM","res://scenes/tracks/test_field/la_chutana_generated.tscn","VehicleRigidBody","res://scenes/vehicles/jordan_197/jordan_197.tscn","res://addons/gevp/scripts/vehicle.gd",1,"{}"
1499,40.70,4109.6,2,1.000,0.000,0.000,0.000,0.640,50.00,50.00,50.00,50.00,0.0000,0.0000,"rust_physics_benchmark","2026-08-15T00:00:00Z",60,"PHY_SIM","res://scenes/tracks/test_field/la_chutana_generated.tscn","VehicleRigidBody","res://scenes/vehicles/jordan_197/jordan_197.tscn","res://addons/gevp/scripts/vehicle.gd",1,"{}"
1516,41.13,3804.8,2,1.000,0.000,0.000,0.000,0.726,50.00,50.00,50.00,50.00,0.0000,0.0000,"rust_physics_benchmark","2026-08-15T00:00:00Z",60,"PHY_SIM","res://scenes/tracks/test_field/la_chutana_generated.tscn","VehicleRigidBody","res://scenes/vehicles/jordan_197/jordan_197.tscn","res://addons/gevp/scripts/vehicle.gd",1,"{}"
1533,41.29,3674.4,1,1.000,0.000,0.000,0.000,0.267,50.00,50.00,50.00,50.00,0.0000,0.0000,"rust_physics_benchmark","2026-08-15T00:00:00Z",60,"PHY_SIM","res://scenes/tracks/test_field/la_chutana_generated.tscn","VehicleRigidBody","res://scenes/vehicles/jordan_197/jordan_197.tscn","res://addons/gevp/scripts/vehicle.gd",1,"{}"
1549,41.45,3775.9,1,1.000,0.000,0.000,0.000,0.273,50.00,50.00,50.00,50.00,0.0000,0.0000,"rust_physics_benchmark","2026-08-15T00:00:00Z",60,"PHY_SIM","res://scenes/tracks/test_field/la_chutana_generated.tscn","VehicleRigidBody","res://scenes/vehicles/jordan_197/jordan_197.tscn","res://addons/gevp/scripts/vehicle.gd",1,"{}"
1566,41.61,3874.5,1,1.000,0.000,0.000,0.000,0.274,50.00,50.00,50.00,50.00,0.0000,0.0000,"rust_physics_benchmark","2026-08-15T00:00:00Z",60,"PHY_SIM","res://scenes/tracks/test_field/la_chutana_generated.tscn","VehicleRigidBody","res://scenes/vehicles/jordan_197/jordan_197.tscn","res://addons/gevp/scripts/vehicle.gd",1,"{}"
1583,41.78,3970.3,1,1.000,0.000,0.000,0.000,0.280,50.00,50.00,50.00,50.00,0.0000,0.0000,"rust_physics_benchmark","2026-08-15T00:00:00Z",60,"PHY_SIM","res://scenes/tracks/test_field/la_chutana_generated.tscn","VehicleRigidBody","res://scenes/vehicles/jordan_197/jordan_197.tscn","res://addons/gevp/scripts/vehicle.gd",1,"{}"
1599,41.95,4063.0,1,1.000,0.000,0.000,0.000,0.291,50.00,50.00,50.00,50.00,0.0000,0.0000,"rust_physics_benchmark","2026-08-15T00:00:00Z",60,"PHY_SIM","res://scenes/tracks/test_field/la_chutana_generated.tscn","VehicleRigidBody","res://scenes/vehicles/jordan_197/jordan_197.tscn","res://addons/gevp/scripts/vehicle.gd",1,"{}"
1616,42.13,4152.5,1,1.000,0.000,0.000,0.000,0.308,50.00,50.00,50.00,50.00,0.0000,0.0000,"rust_physics_benchmark","2026-08-15T00:00:00Z",60,"PHY_SIM","res://scenes/tracks/test_field/la_chutana_generated.tscn","VehicleRigidBody","res://scenes/vehicles/jordan_197/jordan_197.tscn","res://addons/gevp/scripts/vehicle.gd",1,"{}"
1633,42.32,4238.7,1,1.000,0.000,0.000,0.000,0.331,50.00,50.00,50.00,50.00,0.0000,0.0000,"rust_physics_benchmark","2026-08-15T00:00:00Z",60,"PHY_SIM","res://scenes/tracks/test_field/la_chutana_generated.tscn","VehicleRigidBody","res://scenes/vehicles/jordan_197/jordan_197.tscn","res://addons/gevp/scripts/vehicle.gd",1,"{}"
1649,42.53,4321.6,1,1.000,0.000,0.000,0.000,0.360,50.00,50.00,50.00,50.00,0.0000,0.0000,"rust_physics_benchmark","2026-08-15T00:00:00Z",60,"PHY_SIM","res://scenes/tracks/test_field/la_chutana_generated.tscn","VehicleRigidBody","res://scenes/vehicles/jordan_197/jordan_197.tscn","res://addons/gevp/scripts/vehicle.gd",1,"{}"
1666,42.78,4401.2,1,1.000,0.000,0.000,0.000,0.411,50.00,50.00,50.00,50.00,0.0000,0.0000,"rust_physics_benchmark","2026-08-15T00:00:00Z",60,"PHY_SIM","res://scenes/tracks/test_field/la_chutana_generated.tscn","VehicleRigidBody","res://scenes/vehicles/jordan_197/jordan_197.tscn","res://addons/gevp/scripts/vehicle.gd",1,"{}"
1683,43.05,4477.3,1,1.000,0.000,0.000,0.000,0.461,50.00,50.00,50.00,50.00,0.0000,0.0000,"rust_physics_benchmark","2026-08-15T00:00:00Z",60,"PHY_SIM","res://scenes/tracks/test_field/la_chutana_generated.tscn","VehicleRigidBody","res://scenes/vehicles/jordan_197/jordan_197.tscn","res://addons/gevp/scripts/vehicle.gd",1,"{}"
1699,43.35,4550.1,1,1.000,0.000,0.000,0.000,0.510,50.00,50.00,50.00,50.00,0.0000,0.0000,"rust_physics_benchmark","2026-08-15T00:00:00Z",60,"PHY_SIM","res://scenes/tracks/test_field/la_chutana_generated.tscn","VehicleRigidBody","res://scenes/vehicles/jordan_197/jordan_197.tscn","res://addons/gevp/scripts/vehicle.gd",1,"{}"
1716,43.68,4619.5,1,1.000,0.000,0.000,0.000,0.558,50.00,50.00,50.00,50.00,0.0000,0.0000,"rust_physics_benchmark","2026-08-15T00:00:00Z",60,"PHY_SIM","res://scenes/tracks/test_field/la_chutana_generated.tscn","VehicleRigidBody","res://scenes/vehicles/jordan_197/jordan_197.tscn","res://addons/gevp/scripts/vehicle.gd",1,"{}"
1733,44.03,4685.6,1,1.000,0.000,0.000,0.000,0.605,50.00,50.00,50.00,50.00,0.0000,0.0000,"rust_physics_benchmark","2026-08-15T00:00:00Z",60,"PHY_SIM","res://scenes/tracks/test_field/la_chutana_generated.tscn","VehicleRigidBody","res://scenes/vehicles/jordan_197/jordan_197.tscn","res://addons/gevp/scripts/vehicle.gd",1,"{}"
1749,44.41,4748.5,1,1.000,0.000,0.000,0.000,0.650,50.00,50.00,50.00,50.00,0.0000,0.0000,"rust_physics_benchmark","2026-08-15T00:00:00Z",60,"PHY_SIM","res://scenes/tracks/test_field/la_chutana_generated.tscn","VehicleRigidBody","res://scenes/vehicles/jordan_197/jordan_197.tscn","res://addons/gevp/scripts/vehicle.gd",1,"{}"
1766,44.82,4808.1,1,1.000,0.000,0.000,0.000,0.694,50.00,50.00,50.00,50.00,0.0000,0.0000,"rust_physics_benchmark","2026-08-15T00:00:00Z",60,"PHY_SIM","res://scenes/tracks/test_field/la_chutana_generated.tscn","VehicleRigidBody","res://scenes/vehicles/jordan_197/jordan_197.tscn","res://addons/gevp/scripts/vehicle.gd",1,"{}"
1783,45.26,4864.6,1,1.000,0.000,0.000,0.000,0.737,50.00,50.00,50.00,50.00,0.0000,0.0000,"rust_physics_benchmark","2026-08-15T00:00:00Z",60,"PHY_SIM","res://scenes/tracks/test_field/la_chutana_generated.tscn","VehicleRigidBody","res://scenes/vehicles/jordan_197/jordan_197.tscn","res://addons/gevp/scripts/vehicle.gd",1,"{}"
1799,45.72,4918.1,1,1.000,0.000,0.000,0.000,0.791,50.00,50.00,50.00,50.00,0.0000,0.0000,"rust_physics_benchmark","2026-08-15T00:00:00Z",60,"PHY_SIM","res://scenes/tracks/test_field/la_chutana_generated.tscn","VehicleRigidBody","res://scenes/vehicles/jordan_197/jordan_197.tscn","res://addons/gevp/scripts/vehicle.gd",1,"{}"
1816,46.23,4968.6,1,1.000,0.000,0.000,0.000,0.857,50.00,50.00,50.00,50.00,0.0000,0.0000,"rust_physics_benchmark","2026-08-15T00:00:00Z",60,"PHY_SIM","res://scenes/tracks/test_field/la_chutana_generated.tscn","VehicleRigidBody","res://scenes/vehicles/jordan_197/jordan_197.tscn","res://addons/gevp/scripts/vehicle.gd",1,"{}"
1833,46.77,5016.2,1,1.000,0.000,0.000,0.000,0.926,50.00,50.00,50.00,50.00,0.0000,0.0000,"rust_physics_benchmark","2026-08-15T00:00:00Z",60,"PHY_SIM","res://scenes/tracks/test_field/la_chutana_generated.tscn","VehicleRigidBody","res://scenes/vehicles/jordan_197/jordan_197.tscn","res://addons/gevp/scripts/vehicle.gd",1,"{}"
1849,47.36,5061.2,1,1.000,0.000,0.000,0.000,0.996,50.00,50.00,50.00,50.00,0.0000,0.0000,"rust_physics_benchmark","2026-08-15T00:00:00Z",60,"PHY_SIM","res://scenes/tracks/test_field/la_chutana_generated.tscn","VehicleRigidBody","res://scenes/vehicles/jordan_197/jordan_197.tscn","res://addons/gevp/scripts/vehicle.gd",1,"{}"
1866,47.98,5103.4,1,1.000,0.000,0.000,0.000,1.060,50.00,50.00,50.00,50.00,0.0000,0.0000,"rust_physics_benchmark","2026-08-15T00:00:00Z",60,"PHY_SIM","res://scenes/tracks/test_field/la_chutana_generated.tscn","VehicleRigidBody","res://scenes/vehicles/jordan_197/jordan_197.tscn","res://addons/gevp/scripts/vehicle.gd",1,"{}"
1883,48.60,5143.2,1,1.000,0.000,0.000,0.000,1.059,50.00,50.00,50.00,50.00,0.0000,0.0000,"rust_physics_benchmark","2026-08-15T00:00:00Z",60,"PHY_SIM","res://scenes/tracks/test_field/la_chutana_generated.tscn","VehicleRigidBody","res://scenes/vehicles/jordan_197/jordan_197.tscn","res://addons/gevp/scripts/vehicle.gd",1,"{}"
1899,49.23,5180.5,1,1.000,0.000,0.000,0.000,1.060,50.00,50.00,50.00,50.00,0.0000,0.0000,"rust_physics_benchmark","2026-08-15T00:00:00Z",60,"PHY_SIM","res://scenes/tracks/test_field/la_chutana_generated.tscn","VehicleRigidBody","res://scenes/vehicles/jordan_197/jordan_197.tscn","res://addons/gevp/scripts/vehicle.gd",1,"{}"
1916,49.85,5429.2,1,1.000,0.000,0.000,0.000,1.061,50.00,50.00,50.00,50.00,0.0000,0.0000,"rust_physics_benchmark","2026-08-15T00:00:00Z",60,"PHY_SIM","res://scenes/tracks/test_field/la_chutana_generated.tscn","VehicleRigidBody","res://scenes/vehicles/jordan_197/jordan_197.tscn","res://addons/gevp/scripts/vehicle.gd",1,"{}"
1933,50.48,5660.7,1,1.000,0.000,0.000,0.000,1.062,50.00,50.00,50.00,50.00,0.0000,0.0000,"rust_physics_benchmark","2026-08-15T00:00:00Z",60,"PHY_SIM","res://scenes/tracks/test_field/la_chutana_generated.tscn","VehicleRigidBody","res://scenes/vehicles/jordan_197/jordan_197.tscn","res://addons/gevp/scripts/vehicle.gd",1,"{}"
1949,51.10,5888.3,1,1.000,0.000,0.000,0.000,1.063,50.00,50.00,50.00,50.00,0.0000,0.0000,"rust_physics_benchmark","2026-08-15T00:00:00Z",60,"PHY_SIM","res://scenes/tracks/test_field/la_chutana_generated.tscn","VehicleRigidBody","res://scenes/vehicles/jordan_197/jordan_197.tscn","res://addons/gevp/scripts/vehicle.gd",1,"{}"
1966,51.73,6118.3,1,1.000,0.000,0.000,0.000,1.064,50.00,50.00,50.00,50.00,0.0000,0.0000,"rust_physics_benchmark","2026-08-15T00:00:00Z",60,"PHY_SIM","res://scenes/tracks/test_field/la_chutana_generated.tscn","VehicleRigidBody","res://scenes/vehicles/jordan_197/jordan_197.tscn","res://addons/gevp/scripts/vehicle.gd",1,"{}"
1983,52.35,6353.8,1,1.000,0.000,0.000,0.000,1.065,50.00,50.00,50.00,50.00,0.0000,0.0000,"rust_physics_benchmark","2026-08-15T00:00:00Z",60,"PHY_SIM","res://scenes/tracks/test_field/la_chutana_generated.tscn","VehicleRigidBody","res://scenes/vehicles/jordan_197/jordan_197.tscn","res://addons/gevp/scripts/vehicle.gd",1,"{}"
1999,52.98,6596.3,1,1.000,0.000,0.000,0.000,1.066,50.00,50.00,50.00,50.00,0.0000,0.0000,"rust_physics_benchmark","2026-08-15T00:00:00Z",60,"PHY_SIM","res://scenes/tracks/test_field/la_chutana_generated.tscn","VehicleRigidBody","res://scenes/vehicles/jordan_197/jordan_197.tscn","res://addons/gevp/scripts/vehicle.gd",1,"{}"
2016,53.61,6846.8,1,1.000,0.000,0.000,0.000,1.067,50.00,50.00,50.00,50.00,0.0000,0.0000,"rust_physics_benchmark","2026-08-15T00:00:00Z",60,"PHY_SIM","res://scenes/tracks/test_field/la_chutana_generated.tscn","VehicleRigidBody","res://scenes/vehicles/jordan_197/jordan_197.tscn","res://addons/gevp/scripts/vehicle.gd",1,"{}"
2033,54.24,7106.0,1,1.000,0.000,0.000,0.000,1.068,50.00,50.00,50.00,50.00,0.0000,0.0000,"rust_physics_benchmark","2026-08-15T00:00:00Z",60,"PHY_SIM","res://scenes/tracks/test_field/la_chutana_generated.tscn","VehicleRigidBody","res://scenes/vehicles/jordan_197/jordan_197.tscn","res://addons/gevp/scripts/vehicle.gd",1,"{}"
2049,54.87,7374.3,1,1.000,0.000,0.000,0.000,1.069,50.00,50.00,50.00,50.00,0.0000,0.0000,"rust_physics_benchmark","2026-08-15T00:00:00Z",60,"PHY_SIM","res://scenes/tracks/test_field/la_chutana_generated.tscn","VehicleRigidBody","res://scenes/vehicles/jordan_197/jordan_197.tscn","res://addons/gevp/scripts/vehicle.gd",1,"{}"
2066,55.49,7652.1,1,1.000,0.000,0.000,0.000,1.070,50.00,50.00,50.00,50.00,0.0000,0.0000,"rust_physics_benchmark","2026-08-15T00:00:00Z",60,"PHY_SIM","res://scenes/tracks/test_field/la_chutana_generated.tscn","VehicleRigidBody","res://scenes/vehicles/jordan_197/jordan_197.tscn","res://addons/gevp/scripts/vehicle.gd",1,"{}"
2083,56.12,7939.9,1,1.000,0.000,0.000,0.000,1.070,50.00,50.00,50.00,50.00,0.0000,0.0000,"rust_physics_benchmark","2026-08-15T00:00:00Z",60,"PHY_SIM","res://scenes/tracks/test_field/la_chutana_generated.tscn","VehicleRigidBody","res://scenes/vehicles/jordan_197/jordan_197.tscn","res://addons/gevp/scripts/vehicle.gd",1,"{}"
2099,56.76,8238.1,1,1.000,0.000,0.000,0.000,1.071,50.00,50.00,50.00,50.00,0.0000,0.0000,"rust_physics_benchmark","2026-08-15T00:00:00Z",60,"PHY_SIM","res://scenes/tracks/test_field/la_chutana_generated.tscn","VehicleRigidBody","res://scenes/vehicles/jordan_197/jordan_197.tscn","res://addons/gevp/scripts/vehicle.gd",1,"{}"
2116,57.39,8546.9,1,1.000,0.000,0.000,0.000,1.072,50.00,50.00,50.00,50.00,0.0000,0.0000,"rust_physics_benchmark","2026-08-15T00:00:00Z",60,"PHY_SIM","res://scenes/tracks/test_field/la_chutana_generated.tscn","VehicleRigidBody","res://scenes/vehicles/jordan_197/jordan_197.tscn","res://addons/gevp/scripts/vehicle.gd",1,"{}"
2133,58.02,8866.8,1,1.000,0.000,0.000,0.000,1.074,50.00,50.00,50.00,50.00,0.0000,0.0000,"rust_physics_benchmark","2026-08-15T00:00:00Z",60,"PHY_SIM","res://scenes/tracks/test_field/la_chutana_generated.tscn","VehicleRigidBody","res://scenes/vehicles/jordan_197/jordan_197.tscn","res://addons/gevp/scripts/vehicle.gd",1,"{}"
2149,58.65,9198.2,1,1.000,0.000,0.000,0.000,1.075,50.00,50.00,50.00,50.00,0.0000,0.0000,"rust_physics_benchmark","2026-08-15T00:00:00Z",60,"PHY_SIM","res://scenes/tracks/test_field/la_chutana_generated.tscn","VehicleRigidBody","res://scenes/vehicles/jordan_197/jordan_197.tscn","res://addons/gevp/scripts/vehicle.gd",1,"{}"
2166,59.28,9540.9,1,1.000,0.000,0.000,0.000,1.076,50.00,50.00,50.00,50.00,0.0000,0.0000,"rust_physics_benchmark","2026-08-15T00:00:00Z",60,"PHY_SIM","res://scenes/tracks/test_field/la_chutana_generated.tscn","VehicleRigidBody","res://scenes/vehicles/jordan_197/jordan_197.tscn","res://addons/gevp/scripts/vehicle.gd",1,"{}"
2183,59.92,9894.0,1,1.000,0.000,0.000,0.000,1.077,50.00,50.00,50.00,50.00,0.0000,0.0000,"rust_physics_benchmark","2026-08-15T00:00:00Z",60,"PHY_SIM","res://scenes/tracks/test_field/la_chutana_generated.tscn","VehicleRigidBody","res://scenes/vehicles/jordan_197/jordan_197.tscn","res://addons/gevp/scripts/vehicle.gd",1,"{}"
2199,60.55,10257.6,1,1.000,0.000,0.000,0.000,1.078,50.00,50.00,50.00,50.00,0.0000,0.0000,"rust_physics_benchmark","2026-08-15T00:00:00Z",60,"PHY_SIM","res://scenes/tracks/test_field/la_chutana_generated.tscn","VehicleRigidBody","res://scenes/vehicles/jordan_197/jordan_197.tscn","res://addons/gevp/scripts/vehicle.gd",1,"{}"
2216,61.19,10631.4,1,1.000,0.000,0.000,0.000,1.079,50.00,50.00,50.00,50.00,0.0000,0.0000,"rust_physics_benchmark","2026-08-15T00:00:00Z",60,"PHY_SIM","res://scenes/tracks/test_field/la_chutana_generated.tscn","VehicleRigidBody","res://scenes/vehicles/jordan_197/jordan_197.tscn","res://addons/gevp/scripts/vehicle.gd",1,"{}"
2233,61.82,11015.9,1,1.000,0.000,0.000,0.000,1.080,50.00,50.00,50.00,50.00,0.0000,0.0000,"rust_physics_benchmark","2026-08-15T00:00:00Z",60,"PHY_SIM","res://scenes/tracks/test_field/la_chutana_generated.tscn","VehicleRigidBody","res://scenes/vehicles/jordan_197/jordan_197.tscn","res://addons/gevp/scripts/vehicle.gd",1,"{}"
2249,62.46,11404.1,1,1.000,0.000,0.000,0.000,1.081,50.00,50.00,50.00,50.00,0.0000,0.0000,"rust_physics_benchmark","2026-08-15T00:00:00Z",60,"PHY_SIM","res://scenes/tracks/test_field/la_chutana_generated.tscn","VehicleRigidBody","res://scenes/vehicles/jordan_197/jordan_197.tscn","res://addons/gevp/scripts/vehicle.gd",1,"{}"
2266,63.09,11790.7,1,1.000,0.000,0.000,0.000,1.082,50.00,50.00,50.00,50.00,0.0000,0.0000,"rust_physics_benchmark","2026-08-15T00:00:00Z",60,"PHY_SIM","res://scenes/tracks/test_field/la_chutana_generated.tscn","VehicleRigidBody","res://scenes/vehicles/jordan_197/jordan_197.tscn","res://addons/gevp/scripts/vehicle.gd",1,"{}"
2283,63.73,12038.3,1,1.000,0.000,0.000,0.000,1.083,50.00,50.00,50.00,50.00,0.0000,0.0000,"rust_physics_benchmark","2026-08-15T00:00:00Z",60,"PHY_SIM","res://scenes/tracks/test_field/la_chutana_generated.tscn","VehicleRigidBody","res://scenes/vehicles/jordan_197/jordan_197.tscn","res://addons/gevp/scripts/vehicle.gd",1,"{}"
2299,63.55,12256.1,1,1.000,0.000,0.000,0.000,-0.313,50.00,50.00,50.00,50.00,0.0000,0.0000,"rust_physics_benchmark","2026-08-15T00:00:00Z",60,"PHY_SIM","res://scenes/tracks/test_field/la_chutana_generated.tscn","VehicleRigidBody","res://scenes/vehicles/jordan_197/jordan_197.tscn","res://addons/gevp/scripts/vehicle.gd",1,"{}"
2316,63.68,12438.7,1,1.000,0.000,0.000,0.000,0.230,50.00,50.00,50.00,50.00,0.0000,0.0000,"rust_physics_benchmark","2026-08-15T00:00:00Z",60,"PHY_SIM","res://scenes/tracks/test_field/la_chutana_generated.tscn","VehicleRigidBody","res://scenes/vehicles/jordan_197/jordan_197.tscn","res://addons/gevp/scripts/vehicle.gd",1,"{}"
2333,64.04,12589.3,1,1.000,0.000,0.000,0.000,0.612,50.00,50.00,50.00,50.00,0.0000,0.0000,"rust_physics_benchmark","2026-08-15T00:00:00Z",60,"PHY_SIM","res://scenes/tracks/test_field/la_chutana_generated.tscn","VehicleRigidBody","res://scenes/vehicles/jordan_197/jordan_197.tscn","res://addons/gevp/scripts/vehicle.gd",1,"{}"
2349,64.51,12710.7,1,1.000,0.000,0.000,0.000,0.798,50.00,50.00,50.00,50.00,0.0000,0.0000,"rust_physics_benchmark","2026-08-15T00:00:00Z",60,"PHY_SIM","res://scenes/tracks/test_field/la_chutana_generated.tscn","VehicleRigidBody","res://scenes/vehicles/jordan_197/jordan_197.tscn","res://addons/gevp/scripts/vehicle.gd",1,"{}"
2366,65.09,12805.3,1,1.000,0.000,0.000,0.000,0.982,50.00,50.00,50.00,50.00,0.0000,0.0000,"rust_physics_benchmark","2026-08-15T00:00:00Z",60,"PHY_SIM","res://scenes/tracks/test_field/la_chutana_generated.tscn","VehicleRigidBody","res://scenes/vehicles/jordan_197/jordan_197.tscn","res://addons/gevp/scripts/vehicle.gd",1,"{}"
2383,65.73,12874.9,1,1.000,0.000,0.000,0.000,1.082,50.00,50.00,50.00,50.00,0.0000,0.0000,"rust_physics_benchmark","2026-08-15T00:00:00Z",60,"PHY_SIM","res://scenes/tracks/test_field/la_chutana_generated.tscn","VehicleRigidBody","res://scenes/vehicles/jordan_197/jordan_197.tscn","res://addons/gevp/scripts/vehicle.gd",1,"{}"
2399,66.36,12921.1,1,1.000,0.000,0.000,0.000,1.083,50.00,50.00,50.00,50.00,0.0000,0.0000,"rust_physics_benchmark","2026-08-15T00:00:00Z",60,"PHY_SIM","res://scenes/tracks/test_field/la_chutana_generated.tscn","VehicleRigidBody","res://scenes/vehicles/jordan_197/jordan_197.tscn","res://addons/gevp/scripts/vehicle.gd",1,"{}"
2416,67.00,12944.9,1,1.000,0.000,0.000,0.000,1.085,50.00,50.00,50.00,50.00,0.0000,0.0000,"rust_physics_benchmark","2026-08-15T00:00:00Z",60,"PHY_SIM","res://scenes/tracks/test_field/la_chutana_generated.tscn","VehicleRigidBody","res://scenes/vehicles/jordan_197/jordan_197.tscn","res://addons/gevp/scripts/vehicle.gd",1,"{}"
2433,67.64,9475.2,1,1.000,0.000,0.000,0.000,1.088,50.00,50.00,50.00,50.00,0.0000,0.0000,"rust_physics_benchmark","2026-08-15T00:00:00Z",60,"PHY_SIM","res://scenes/tracks/test_field/la_chutana_generated.tscn","VehicleRigidBody","res://scenes/vehicles/jordan_197/jordan_197.tscn","res://addons/gevp/scripts/vehicle.gd",1,"{}"
2449,68.14,4719.1,2,1.000,0.000,0.000,0.000,0.848,50.00,50.00,50.00,50.00,0.0000,0.0000,"rust_physics_benchmark","2026-08-15T00:00:00Z",60,"PHY_SIM","res://scenes/tracks/test_field/la_chutana_generated.tscn","VehicleRigidBody","res://scenes/vehicles/jordan_197/jordan_197.tscn","res://addons/gevp/scripts/vehicle.gd",1,"{}"
2466,68.64,4774.5,2,1.000,0.000,0.000,0.000,0.853,50.00,50.00,50.00,50.00,0.0000,0.0000,"rust_physics_benchmark","2026-08-15T00:00:00Z",60,"PHY_SIM","res://scenes/tracks/test_field/la_chutana_generated.tscn","VehicleRigidBody","res://scenes/vehicles/jordan_197/jordan_197.tscn","res://addons/gevp/scripts/vehicle.gd",1,"{}"
2483,69.17,4857.6,2,1.000,0.000,0.000,0.000,0.888,50.00,50.00,50.00,50.00,0.0000,0.0000,"rust_physics_benchmark","2026-08-15T00:00:00Z",60,"PHY_SIM","res://scenes/tracks/test_field/la_chutana_generated.tscn","VehicleRigidBody","res://scenes/vehicles/jordan_197/jordan_197.tscn","res://addons/gevp/scripts/vehicle.gd",1,"{}"
2499,69.73,4955.1,2,1.000,0.000,0.000,0.000,0.964,50.00,50.00,50.00,50.00,0.0000,0.0000,"rust_physics_benchmark","2026-08-15T00:00:00Z",60,"PHY_SIM","res://scenes/tracks/test_field/la_chutana_generated.tscn","VehicleRigidBody","res://scenes/vehicles/jordan_197/jordan_197.tscn","res://addons/gevp/scripts/vehicle.gd",1,"{}"
2516,70.34,5060.7,2,1.000,0.000,0.000,0.000,1.038,50.00,50.00,50.00,50.00,0.0000,0.0000,"rust_physics_benchmark","2026-08-15T00:00:00Z",60,"PHY_SIM","res://scenes/tracks/test_field/la_chutana_generated.tscn","VehicleRigidBody","res://scenes/vehicles/jordan_197/jordan_197.tscn","res://addons/gevp/scripts/vehicle.gd",1,"{}"
2533,70.99,5171.4,2,1.000,0.000,0.000,0.000,1.097,50.00,50.00,50.00,50.00,0.0000,0.0000,"rust_physics_benchmark","2026-08-15T00:00:00Z",60,"PHY_SIM","res://scenes/tracks/test_field/la_chutana_generated.tscn","VehicleRigidBody","res://scenes/vehicles/jordan_197/jordan_197.tscn","res://addons/gevp/scripts/vehicle.gd",1,"{}"
2549,71.63,5285.7,2,1.000,0.000,0.000,0.000,1.097,50.00,50.00,50.00,50.00,0.0000,0.0000,"rust_physics_benchmark","2026-08-15T00:00:00Z",60,"PHY_SIM","res://scenes/tracks/test_field/la_chutana_generated.tscn","VehicleRigidBody","res://scenes/vehicles/jordan_197/jordan_197.tscn","res://addons/gevp/scripts/vehicle.gd",1,"{}"
2566,72.28,5403.1,2,1.000,0.000,0.000,0.000,1.098,50.00,50.00,50.00,50.00,0.0000,0.0000,"rust_physics_benchmark","2026-08-15T00:00:00Z",60,"PHY_SIM","res://scenes/tracks/test_field/la_chutana_generated.tscn","VehicleRigidBody","res://scenes/vehicles/jordan_197/jordan_197.tscn","res://addons/gevp/scripts/vehicle.gd",1,"{}"
2583,72.93,5523.1,2,1.000,0.000,0.000,0.000,1.100,50.00,50.00,50.00,50.00,0.0000,0.0000,"rust_physics_benchmark","2026-08-15T00:00:00Z",60,"PHY_SIM","res://scenes/tracks/test_field/la_chutana_generated.tscn","VehicleRigidBody","res://scenes/vehicles/jordan_197/jordan_197.tscn","res://addons/gevp/scripts/vehicle.gd",1,"{}"
2599,73.58,5645.8,2,1.000,0.000,0.000,0.000,1.101,50.00,50.00,50.00,50.00,0.0000,0.0000,"rust_physics_benchmark","2026-08-15T00:00:00Z",60,"PHY_SIM","res://scenes/tracks/test_field/la_chutana_generated.tscn","VehicleRigidBody","res://scenes/vehicles/jordan_197/jordan_197.tscn","res://addons/gevp/scripts/vehicle.gd",1,"{}"
2616,74.22,5771.0,2,1.000,0.000,0.000,0.000,1.102,50.00,50.00,50.00,50.00,0.0000,0.0000,"rust_physics_benchmark","2026-08-15T00:00:00Z",60,"PHY_SIM","res://scenes/tracks/test_field/la_chutana_generated.tscn","VehicleRigidBody","res://scenes/vehicles/jordan_197/jordan_197.tscn","res://addons/gevp/scripts/vehicle.gd",1,"{}"
2633,74.87,5898.8,2,1.000,0.000,0.000,0.000,1.104,50.00,50.00,50.00,50.00,0.0000,0.0000,"rust_physics_benchmark","2026-08-15T00:00:00Z",60,"PHY_SIM","res://scenes/tracks/test_field/la_chutana_generated.tscn","VehicleRigidBody","res://scenes/vehicles/jordan_197/jordan_197.tscn","res://addons/gevp/scripts/vehicle.gd",1,"{}"
2649,75.52,6029.2,2,1.000,0.000,0.000,0.000,1.105,50.00,50.00,50.00,50.00,0.0000,0.0000,"rust_physics_benchmark","2026-08-15T00:00:00Z",60,"PHY_SIM","res://scenes/tracks/test_field/la_chutana_generated.tscn","VehicleRigidBody","res://scenes/vehicles/jordan_197/jordan_197.tscn","res://addons/gevp/scripts/vehicle.gd",1,"{}"
2666,76.17,6162.3,2,1.000,0.000,0.000,0.000,1.107,50.00,50.00,50.00,50.00,0.0000,0.0000,"rust_physics_benchmark","2026-08-15T00:00:00Z",60,"PHY_SIM","res://scenes/tracks/test_field/la_chutana_generated.tscn","VehicleRigidBody","res://scenes/vehicles/jordan_197/jordan_197.tscn","res://addons/gevp/scripts/vehicle.gd",1,"{}"
2683,76.83,6298.1,2,1.000,0.000,0.000,0.000,1.108,50.00,50.00,50.00,50.00,0.0000,0.0000,"rust_physics_benchmark","2026-08-15T00:00:00Z",60,"PHY_SIM","res://scenes/tracks/test_field/la_chutana_generated.tscn","VehicleRigidBody","res://scenes/vehicles/jordan_197/jordan_197.tscn","res://addons/gevp/scripts/vehicle.gd",1,"{}"
2699,77.48,6436.7,2,1.000,0.000,0.000,0.000,1.109,50.00,50.00,50.00,50.00,0.0000,0.0000,"rust_physics_benchmark","2026-08-15T00:00:00Z",60,"PHY_SIM","res://scenes/tracks/test_field/la_chutana_generated.tscn","VehicleRigidBody","res://scenes/vehicles/jordan_197/jordan_197.tscn","res://addons/gevp/scripts/vehicle.gd",1,"{}"
2716,78.13,6578.1,2,1.000,0.000,0.000,0.000,1.111,50.00,50.00,50.00,50.00,0.0000,0.0000,"rust_physics_benchmark","2026-08-15T00:00:00Z",60,"PHY_SIM","res://scenes/tracks/test_field/la_chutana_generated.tscn","VehicleRigidBody","res://scenes/vehicles/jordan_197/jordan_197.tscn","res://addons/gevp/scripts/vehicle.gd",1,"{}"
2733,78.79,6722.4,2,1.000,0.000,0.000,0.000,1.112,50.00,50.00,50.00,50.00,0.0000,0.0000,"rust_physics_benchmark","2026-08-15T00:00:00Z",60,"PHY_SIM","res://scenes/tracks/test_field/la_chutana_generated.tscn","VehicleRigidBody","res://scenes/vehicles/jordan_197/jordan_197.tscn","res://addons/gevp/scripts/vehicle.gd",1,"{}"
2749,79.44,6869.7,2,1.000,0.000,0.000,0.000,1.114,50.00,50.00,50.00,50.00,0.0000,0.0000,"rust_physics_benchmark","2026-08-15T00:00:00Z",60,"PHY_SIM","res://scenes/tracks/test_field/la_chutana_generated.tscn","VehicleRigidBody","res://scenes/vehicles/jordan_197/jordan_197.tscn","res://addons/gevp/scripts/vehicle.gd",1,"{}"
2766,80.10,7020.0,2,1.000,0.000,0.000,0.000,1.115,50.00,50.00,50.00,50.00,0.0000,0.0000,"rust_physics_benchmark","2026-08-15T00:00:00Z",60,"PHY_SIM","res://scenes/tracks/test_field/la_chutana_generated.tscn","VehicleRigidBody","res://scenes/vehicles/jordan_197/jordan_197.tscn","res://addons/gevp/scripts/vehicle.gd",1,"{}"
2783,80.76,7173.4,2,1.000,0.000,0.000,0.000,1.117,50.00,50.00,50.00,50.00,0.0000,0.0000,"rust_physics_benchmark","2026-08-15T00:00:00Z",60,"PHY_SIM","res://scenes/tracks/test_field/la_chutana_generated.tscn","VehicleRigidBody","res://scenes/vehicles/jordan_197/jordan_197.tscn","res://addons/gevp/scripts/vehicle.gd",1,"{}"
2799,81.41,7330.0,2,1.000,0.000,0.000,0.000,1.118,50.00,50.00,50.00,50.00,0.0000,0.0000,"rust_physics_benchmark","2026-08-15T00:00:00Z",60,"PHY_SIM","res://scenes/tracks/test_field/la_chutana_generated.tscn","VehicleRigidBody","res://scenes/vehicles/jordan_197/jordan_197.tscn","res://addons/gevp/scripts/vehicle.gd",1,"{}"
2816,82.07,7489.9,2,1.000,0.000,0.000,0.000,1.120,50.00,50.00,50.00,50.00,0.0000,0.0000,"rust_physics_benchmark","2026-08-15T00:00:00Z",60,"PHY_SIM","res://scenes/tracks/test_field/la_chutana_generated.tscn","VehicleRigidBody","res://scenes/vehicles/jordan_197/jordan_197.tscn","res://addons/gevp/scripts/vehicle.gd",1,"{}"
2833,82.73,7653.1,2,1.000,0.000,0.000,0.000,1.121,50.00,50.00,50.00,50.00,0.0000,0.0000,"rust_physics_benchmark","2026-08-15T00:00:00Z",60,"PHY_SIM","res://scenes/tracks/test_field/la_chutana_generated.tscn","VehicleRigidBody","res://scenes/vehicles/jordan_197/jordan_197.tscn","res://addons/gevp/scripts/vehicle.gd",1,"{}"
2849,83.39,7819.7,2,1.000,0.000,0.000,0.000,1.123,50.00,50.00,50.00,50.00,0.0000,0.0000,"rust_physics_benchmark","2026-08-15T00:00:00Z",60,"PHY_SIM","res://scenes/tracks/test_field/la_chutana_generated.tscn","VehicleRigidBody","res://scenes/vehicles/jordan_197/jordan_197.tscn","res://addons/gevp/scripts/vehicle.gd",1,"{}"
2866,84.06,7989.8,2,1.000,0.000,0.000,0.000,1.125,50.00,50.00,50.00,50.00,0.0000,0.0000,"rust_physics_benchmark","2026-08-15T00:00:00Z",60,"PHY_SIM","res://scenes/tracks/test_field/la_chutana_generated.tscn","VehicleRigidBody","res://scenes/vehicles/jordan_197/jordan_197.tscn","res://addons/gevp/scripts/vehicle.gd",1,"{}"
2883,84.72,8163.4,2,1.000,0.000,0.000,0.000,1.126,50.00,50.00,50.00,50.00,0.0000,0.0000,"rust_physics_benchmark","2026-08-15T00:00:00Z",60,"PHY_SIM","res://scenes/tracks/test_field/la_chutana_generated.tscn","VehicleRigidBody","res://scenes/vehicles/jordan_197/jordan_197.tscn","res://addons/gevp/scripts/vehicle.gd",1,"{}"
2899,85.38,8340.6,2,1.000,0.000,0.000,0.000,1.128,50.00,50.00,50.00,50.00,0.0000,0.0000,"rust_physics_benchmark","2026-08-15T00:00:00Z",60,"PHY_SIM","res://scenes/tracks/test_field/la_chutana_generated.tscn","VehicleRigidBody","res://scenes/vehicles/jordan_197/jordan_197.tscn","res://addons/gevp/scripts/vehicle.gd",1,"{}"
2916,86.05,8521.5,2,1.000,0.000,0.000,0.000,1.129,50.00,50.00,50.00,50.00,0.0000,0.0000,"rust_physics_benchmark","2026-08-15T00:00:00Z",60,"PHY_SIM","res://scenes/tracks/test_field/la_chutana_generated.tscn","VehicleRigidBody","res://scenes/vehicles/jordan_197/jordan_197.tscn","res://addons/gevp/scripts/vehicle.gd",1,"{}"
2933,86.71,8706.1,2,1.000,0.000,0.000,0.000,1.131,50.00,50.00,50.00,50.00,0.0000,0.0000,"rust_physics_benchmark","2026-08-15T00:00:00Z",60,"PHY_SIM","res://scenes/tracks/test_field/la_chutana_generated.tscn","VehicleRigidBody","res://scenes/vehicles/jordan_197/jordan_197.tscn","res://addons/gevp/scripts/vehicle.gd",1,"{}"
2949,87.38,8894.6,2,1.000,0.000,0.000,0.000,1.133,50.00,50.00,50.00,50.00,0.0000,0.0000,"rust_physics_benchmark","2026-08-15T00:00:00Z",60,"PHY_SIM","res://scenes/tracks/test_field/la_chutana_generated.tscn","VehicleRigidBody","res://scenes/vehicles/jordan_197/jordan_197.tscn","res://addons/gevp/scripts/vehicle.gd",1,"{}"
2966,88.05,9087.0,2,1.000,0.000,0.000,0.000,1.134,50.00,50.00,50.00,50.00,0.0000,0.0000,"rust_physics_benchmark","2026-08-15T00:00:00Z",60,"PHY_SIM","res://scenes/tracks/test_field/la_chutana_generated.tscn","VehicleRigidBody","res://scenes/vehicles/jordan_197/jordan_197.tscn","res://addons/gevp/scripts/vehicle.gd",1,"{}"
2983,88.71,9283.0,2,1.000,0.000,0.000,0.000,1.136,50.00,50.00,50.00,50.00,0.0000,0.0000,"rust_physics_benchmark","2026-08-15T00:00:00Z",60,"PHY_SIM","res://scenes/tracks/test_field/la_chutana_generated.tscn","VehicleRigidBody","res://scenes/vehicles/jordan_197/jordan_197.tscn","res://addons/gevp/scripts/vehicle.gd",1,"{}"
2999,89.38,9482.3,2,1.000,0.000,0.000,0.000,1.138,50.00,50.00,50.00,50.00,0.0000,0.0000,"rust_physics_benchmark","2026-08-15T00:00:00Z",60,"PHY_SIM","res://scenes/tracks/test_field/la_chutana_generated.tscn","VehicleRigidBody","res://scenes/vehicles/jordan_197/jordan_197.tscn","res://addons/gevp/scripts/vehicle.gd",1,"{}"
3016,90.05,9685.0,2,1.000,0.000,0.000,0.000,1.139,50.00,50.00,50.00,50.00,0.0000,0.0000,"rust_physics_benchmark","2026-08-15T00:00:00Z",60,"PHY_SIM","res://scenes/tracks/test_field/la_chutana_generated.tscn","VehicleRigidBody","res://scenes/vehicles/jordan_197/jordan_197.tscn","res://addons/gevp/scripts/vehicle.gd",1,"{}"
3033,90.73,9891.0,2,1.000,0.000,0.000,0.000,1.141,50.00,50.00,50.00,50.00,0.0000,0.0000,"rust_physics_benchmark","2026-08-15T00:00:00Z",60,"PHY_SIM","res://scenes/tracks/test_field/la_chutana_generated.tscn","VehicleRigidBody","res://scenes/vehicles/jordan_197/jordan_197.tscn","res://addons/gevp/scripts/vehicle.gd",1,"{}"
3049,91.40,10100.3,2,1.000,0.000,0.000,0.000,1.143,50.00,50.00,50.00,50.00,0.0000,0.0000,"rust_physics_benchmark","2026-08-15T00:00:00Z",60,"PHY_SIM","res://scenes/tracks/test_field/la_chutana_generated.tscn","VehicleRigidBody","res://scenes/vehicles/jordan_197/jordan_197.tscn","res://addons/gevp/scripts/vehicle.gd",1,"{}"
3066,92.07,10313.1,2,1.000,0.000,0.000,0.000,1.144,50.00,50.00,50.00,50.00,0.0000,0.0000,"rust_physics_benchmark","2026-08-15T00:00:00Z",60,"PHY_SIM","res://scenes/tracks/test_field/la_chutana_generated.tscn","VehicleRigidBody","res://scenes/vehicles/jordan_197/jordan_197.tscn","res://addons/gevp/scripts/vehicle.gd",1,"{}"
3083,92.75,10529.2,2,1.000,0.000,0.000,0.000,1.146,50.00,50.00,50.00,50.00,0.0000,0.0000,"rust_physics_benchmark","2026-08-15T00:00:00Z",60,"PHY_SIM","res://scenes/tracks/test_field/la_chutana_generated.tscn","VehicleRigidBody","res://scenes/vehicles/jordan_197/jordan_197.tscn","res://addons/gevp/scripts/vehicle.gd",1,"{}"
3099,93.42,10748.8,2,1.000,0.000,0.000,0.000,1.148,50.00,50.00,50.00,50.00,0.0000,0.0000,"rust_physics_benchmark","2026-08-15T00:00:00Z",60,"PHY_SIM","res://scenes/tracks/test_field/la_chutana_generated.tscn","VehicleRigidBody","res://scenes/vehicles/jordan_197/jordan_197.tscn","res://addons/gevp/scripts/vehicle.gd",1,"{}"
3116,94.10,10969.4,2,1.000,0.000,0.000,0.000,1.150,50.00,50.00,50.00,50.00,0.0000,0.0000,"rust_physics_benchmark","2026-08-15T00:00:00Z",60,"PHY_SIM","res://scenes/tracks/test_field/la_chutana_generated.tscn","VehicleRigidBody","res://scenes/vehicles/jordan_197/jordan_197.tscn","res://addons/gevp/scripts/vehicle.gd",1,"{}"
3133,94.77,11189.4,2,1.000,0.000,0.000,0.000,1.151,50.00,50.00,50.00,50.00,0.0000,0.0000,"rust_physics_benchmark","2026-08-15T00:00:00Z",60,"PHY_SIM","res://scenes/tracks/test_field/la_chutana_generated.tscn","VehicleRigidBody","res://scenes/vehicles/jordan_197/jordan_197.tscn","res://addons/gevp/scripts/vehicle.gd",1,"{}"
3149,95.45,11407.8,2,1.000,0.000,0.000,0.000,1.153,50.00,50.00,50.00,50.00,0.0000,0.0000,"rust_physics_benchmark","2026-08-15T00:00:00Z",60,"PHY_SIM","res://scenes/tracks/test_field/la_chutana_generated.tscn","VehicleRigidBody","res://scenes/vehicles/jordan_197/jordan_197.tscn","res://addons/gevp/scripts/vehicle.gd",1,"{}"
3166,96.13,11624.4,2,1.000,0.000,0.000,0.000,1.155,50.00,50.00,50.00,50.00,0.0000,0.0000,"rust_physics_benchmark","2026-08-15T00:00:00Z",60,"PHY_SIM","res://scenes/tracks/test_field/la_chutana_generated.tscn","VehicleRigidBody","res://scenes/vehicles/jordan_197/jordan_197.tscn","res://addons/gevp/scripts/vehicle.gd",1,"{}"
3183,96.81,11838.9,2,1.000,0.000,0.000,0.000,1.157,50.00,50.00,50.00,50.00,0.0000,0.0000,"rust_physics_benchmark","2026-08-15T00:00:00Z",60,"PHY_SIM","res://scenes/tracks/test_field/la_chutana_generated.tscn","VehicleRigidBody","res://scenes/vehicles/jordan_197/jordan_197.tscn","res://addons/gevp/scripts/vehicle.gd",1,"{}"
3199,97.49,12085.6,2,1.000,0.000,0.000,0.000,1.159,50.00,50.00,50.00,50.00,0.0000,0.0000,"rust_physics_benchmark","2026-08-15T00:00:00Z",60,"PHY_SIM","res://scenes/tracks/test_field/la_chutana_generated.tscn","VehicleRigidBody","res://scenes/vehicles/jordan_197/jordan_197.tscn","res://addons/gevp/scripts/vehicle.gd",1,"{}"
3216,97.32,12301.4,2,1.000,0.000,0.000,0.000,-0.305,50.00,50.00,50.00,50.00,0.0000,0.0000,"rust_physics_benchmark","2026-08-15T00:00:00Z",60,"PHY_SIM","res://scenes/tracks/test_field/la_chutana_generated.tscn","VehicleRigidBody","res://scenes/vehicles/jordan_197/jordan_197.tscn","res://addons/gevp/scripts/vehicle.gd",1,"{}"
3233,97.06,12481.9,2,1.000,0.000,0.000,0.000,-0.433,50.00,50.00,50.00,50.00,0.0000,0.0000,"rust_physics_benchmark","2026-08-15T00:00:00Z",60,"PHY_SIM","res://scenes/tracks/test_field/la_chutana_generated.tscn","VehicleRigidBody","res://scenes/vehicles/jordan_197/jordan_197.tscn","res://addons/gevp/scripts/vehicle.gd",1,"{}"
3249,97.30,12630.7,2,1.000,0.000,0.000,0.000,0.407,50.00,50.00,50.00,50.00,0.0000,0.0000,"rust_physics_benchmark","2026-08-15T00:00:00Z",60,"PHY_SIM","res://scenes/tracks/test_field/la_chutana_generated.tscn","VehicleRigidBody","res://scenes/vehicles/jordan_197/jordan_197.tscn","res://addons/gevp/scripts/vehicle.gd",1,"{}"
3266,97.61,12750.5,2,1.000,0.000,0.000,0.000,0.532,50.00,50.00,50.00,50.00,0.0000,0.0000,"rust_physics_benchmark","2026-08-15T00:00:00Z",60,"PHY_SIM","res://scenes/tracks/test_field/la_chutana_generated.tscn","VehicleRigidBody","res://scenes/vehicles/jordan_197/jordan_197.tscn","res://addons/gevp/scripts/vehicle.gd",1,"{}"
3283,98.01,12843.8,2,1.000,0.000,0.000,0.000,0.669,50.00,50.00,50.00,50.00,0.0000,0.0000,"rust_physics_benchmark","2026-08-15T00:00:00Z",60,"PHY_SIM","res://scenes/tracks/test_field/la_chutana_generated.tscn","VehicleRigidBody","res://scenes/vehicles/jordan_197/jordan_197.tscn","res://addons/gevp/scripts/vehicle.gd",1,"{}"
3299,98.48,12912.3,2,1.000,0.000,0.000,0.000,0.803,50.00,50.00,50.00,50.00,0.0000,0.0000,"rust_physics_benchmark","2026-08-15T00:00:00Z",60,"PHY_SIM","res://scenes/tracks/test_field/la_chutana_generated.tscn","VehicleRigidBody","res://scenes/vehicles/jordan_197/jordan_197.tscn","res://addons/gevp/scripts/vehicle.gd",1,"{}"
3316,99.03,12957.6,2,1.000,0.000,0.000,0.000,0.936,50.00,50.00,50.00,50.00,0.0000,0.0000,"rust_physics_benchmark","2026-08-15T00:00:00Z",60,"PHY_SIM","res://scenes/tracks/test_field/la_chutana_generated.tscn","VehicleRigidBody","res://scenes/vehicles/jordan_197/jordan_197.tscn","res://addons/gevp/scripts/vehicle.gd",1,"{}"
3333,99.66,12980.7,2,1.000,0.000,0.000,0.000,1.071,50.00,50.00,50.00,50.00,0.0000,0.0000,"rust_physics_benchmark","2026-08-15T00:00:00Z",60,"PHY_SIM","res://scenes/tracks/test_field/la_chutana_generated.tscn","VehicleRigidBody","res://scenes/vehicles/jordan_197/jordan_197.tscn","res://addons/gevp/scripts/vehicle.gd",1,"{}"
3349,100.34,9589.8,2,1.000,0.000,0.000,0.000,1.161,50.00,50.00,50.00,50.00,0.0000,0.0000,"rust_physics_benchmark","2026-08-15T00:00:00Z",60,"PHY_SIM","res://scenes/tracks/test_field/la_chutana_generated.tscn","VehicleRigidBody","res://scenes/vehicles/jordan_197/jordan_197.tscn","res://addons/gevp/scripts/vehicle.gd",1,"{}"
3366,100.71,4945.7,3,1.000,0.000,0.000,0.000,0.620,50.00,50.00,50.00,50.00,0.0000,0.0000,"rust_physics_benchmark","2026-08-15T00:00:00Z",60,"PHY_SIM","res://scenes/tracks/test_field/la_chutana_generated.tscn","VehicleRigidBody","res://scenes/vehicles/jordan_197/jordan_197.tscn","res://addons/gevp/scripts/vehicle.gd",1,"{}"
3383,101.08,4980.7,3,1.000,0.000,0.000,0.000,0.632,50.00,50.00,50.00,50.00,0.0000,0.0000,"rust_physics_benchmark","2026-08-15T00:00:00Z",60,"PHY_SIM","res://scenes/tracks/test_field/la_chutana_generated.tscn","VehicleRigidBody","res://scenes/vehicles/jordan_197/jordan_197.tscn","res://addons/gevp/scripts/vehicle.gd",1,"{}"
3399,101.45,5033.1,3,1.000,0.000,0.000,0.000,0.636,50.00,50.00,50.00,50.00,0.0000,0.0000,"rust_physics_benchmark","2026-08-15T00:00:00Z",60,"PHY_SIM","res://scenes/tracks/test_field/la_chutana_generated.tscn","VehicleRigidBody","res://scenes/vehicles/jordan_197/jordan_197.tscn","res://addons/gevp/scripts/vehicle.gd",1,"{}"
3416,101.84,5094.5,3,1.000,0.000,0.000,0.000,0.666,50.00,50.00,50.00,50.00,0.0000,0.0000,"rust_physics_benchmark","2026-08-15T00:00:00Z",60,"PHY_SIM","res://scenes/tracks/test_field/la_chutana_generated.tscn","VehicleRigidBody","res://scenes/vehicles/jordan_197/jordan_197.tscn","res://addons/gevp/scripts/vehicle.gd",1,"{}"
3433,102.27,5160.7,3,1.000,0.000,0.000,0.000,0.730,50.00,50.00,50.00,50.00,0.0000,0.0000,"rust_physics_benchmark","2026-08-15T00:00:00Z",60,"PHY_SIM","res://scenes/tracks/test_field/la_chutana_generated.tscn","VehicleRigidBody","res://scenes/vehicles/jordan_197/jordan_197.tscn","res://addons/gevp/scripts/vehicle.gd",1,"{}"
3449,102.74,5229.7,3,1.000,0.000,0.000,0.000,0.791,50.00,50.00,50.00,50.00,0.0000,0.0000,"rust_physics_benchmark","2026-08-15T00:00:00Z",60,"PHY_SIM","res://scenes/tracks/test_field/la_chutana_generated.tscn","VehicleRigidBody","res://scenes/vehicles/jordan_197/jordan_197.tscn","res://addons/gevp/scripts/vehicle.gd",1,"{}"
3466,103.24,5300.6,3,1.000,0.000,0.000,0.000,0.852,50.00,50.00,50.00,50.00,0.0000,0.0000,"rust_physics_benchmark","2026-08-15T00:00:00Z",60,"PHY_SIM","res://scenes/tracks/test_field/la_chutana_generated.tscn","VehicleRigidBody","res://scenes/vehicles/jordan_197/jordan_197.tscn","res://addons/gevp/scripts/vehicle.gd",1,"{}"
3483,103.78,5372.8,3,1.000,0.000,0.000,0.000,0.912,50.00,50.00,50.00,50.00,0.0000,0.0000,"rust_physics_benchmark","2026-08-15T00:00:00Z",60,"PHY_SIM","res://scenes/tracks/test_field/la_chutana_generated.tscn","VehicleRigidBody","res://scenes/vehicles/jordan_197/jordan_197.tscn","res://addons/gevp/scripts/vehicle.gd",1,"{}"
3499,104.35,5446.1,3,1.000,0.000,0.000,0.000,0.971,50.00,50.00,50.00,50.00,0.0000,0.0000,"rust_physics_benchmark","2026-08-15T00:00:00Z",60,"PHY_SIM","res://scenes/tracks/test_field/la_chutana_generated.tscn","VehicleRigidBody","res://scenes/vehicles/jordan_197/jordan_197.tscn","res://addons/gevp/scripts/vehicle.gd",1,"{}"
3516,104.95,5520.5,3,1.000,0.000,0.000,0.000,1.029,50.00,50.00,50.00,50.00,0.0000,0.0000,"rust_physics_benchmark","2026-08-15T00:00:00Z",60,"PHY_SIM","res://scenes/tracks/test_field/la_chutana_generated.tscn","VehicleRigidBody","res://scenes/vehicles/jordan_197/jordan_197.tscn","res://addons/gevp/scripts/vehicle.gd",1,"{}"
3533,105.59,5595.8,3,1.000,0.000,0.000,0.000,1.086,50.00,50.00,50.00,50.00,0.0000,0.0000,"rust_physics_benchmark","2026-08-15T00:00:00Z",60,"PHY_SIM","res://scenes/tracks/test_field/la_chutana_generated.tscn","VehicleRigidBody","res://scenes/vehicles/jordan_197/jordan_197.tscn","res://addons/gevp/scripts/vehicle.gd",1,"{}"
3549,106.27,5672.1,3,1.000,0.000,0.000,0.000,1.143,50.00,50.00,50.00,50.00,0.0000,0.0000,"rust_physics_benchmark","2026-08-15T00:00:00Z",60,"PHY_SIM","res://scenes/tracks/test_field/la_chutana_generated.tscn","VehicleRigidBody","res://scenes/vehicles/jordan_197/jordan_197.tscn","res://addons/gevp/scripts/vehicle.gd",1,"{}"
3566,106.96,5749.4,3,1.000,0.000,0.000,0.000,1.184,50.00,50.00,50.00,50.00,0.0000,0.0000,"rust_physics_benchmark","2026-08-15T00:00:00Z",60,"PHY_SIM","res://scenes/tracks/test_field/la_chutana_generated.tscn","VehicleRigidBody","res://scenes/vehicles/jordan_197/jordan_197.tscn","res://addons/gevp/scripts/vehicle.gd",1,"{}"
3583,107.66,5827.6,3,1.000,0.000,0.000,0.000,1.185,50.00,50.00,50.00,50.00,0.0000,0.0000,"rust_physics_benchmark","2026-08-15T00:00:00Z",60,"PHY_SIM","res://scenes/tracks/test_field/la_chutana_generated.tscn","VehicleRigidBody","res://scenes/vehicles/jordan_197/jordan_197.tscn","res://addons/gevp/scripts/vehicle.gd",1,"{}"
3599,108.36,5906.9,3,1.000,0.000,0.000,0.000,1.187,50.00,50.00,50.00,50.00,0.0000,0.0000,"rust_physics_benchmark","2026-08-15T00:00:00Z",60,"PHY_SIM","res://scenes/tracks/test_field/la_chutana_generated.tscn","VehicleRigidBody","res://scenes/vehicles/jordan_197/jordan_197.tscn","res://addons/gevp/scripts/vehicle.gd",1,"{}"
3616,109.06,5987.1,3,1.000,0.000,0.000,0.000,1.189,50.00,50.00,50.00,50.00,0.0000,0.0000,"rust_physics_benchmark","2026-08-15T00:00:00Z",60,"PHY_SIM","res://scenes/tracks/test_field/la_chutana_generated.tscn","VehicleRigidBody","res://scenes/vehicles/jordan_197/jordan_197.tscn","res://addons/gevp/scripts/vehicle.gd",1,"{}"
3633,109.76,6068.3,3,1.000,0.000,0.000,0.000,1.191,50.00,50.00,50.00,50.00,0.0000,0.0000,"rust_physics_benchmark","2026-08-15T00:00:00Z",60,"PHY_SIM","res://scenes/tracks/test_field/la_chutana_generated.tscn","VehicleRigidBody","res://scenes/vehicles/jordan_197/jordan_197.tscn","res://addons/gevp/scripts/vehicle.gd",1,"{}"
3649,110.46,6150.5,3,1.000,0.000,0.000,0.000,1.194,50.00,50.00,50.00,50.00,0.0000,0.0000,"rust_physics_benchmark","2026-08-15T00:00:00Z",60,"PHY_SIM","res://scenes/tracks/test_field/la_chutana_generated.tscn","VehicleRigidBody","res://scenes/vehicles/jordan_197/jordan_197.tscn","res://addons/gevp/scripts/vehicle.gd",1,"{}"
3666,111.16,6233.8,3,1.000,0.000,0.000,0.000,1.196,50.00,50.00,50.00,50.00,0.0000,0.0000,"rust_physics_benchmark","2026-08-15T00:00:00Z",60,"PHY_SIM","res://scenes/tracks/test_field/la_chutana_generated.tscn","VehicleRigidBody","res://scenes/vehicles/jordan_197/jordan_197.tscn","res://addons/gevp/scripts/vehicle.gd",1,"{}"
3683,111.87,6318.1,3,1.000,0.000,0.000,0.000,1.198,50.00,50.00,50.00,50.00,0.0000,0.0000,"rust_physics_benchmark","2026-08-15T00:00:00Z",60,"PHY_SIM","res://scenes/tracks/test_field/la_chutana_generated.tscn","VehicleRigidBody","res://scenes/vehicles/jordan_197/jordan_197.tscn","res://addons/gevp/scripts/vehicle.gd",1,"{}"
3699,112.58,6403.5,3,1.000,0.000,0.000,0.000,1.200,50.00,50.00,50.00,50.00,0.0000,0.0000,"rust_physics_benchmark","2026-08-15T00:00:00Z",60,"PHY_SIM","res://scenes/tracks/test_field/la_chutana_generated.tscn","VehicleRigidBody","res://scenes/vehicles/jordan_197/jordan_197.tscn","res://addons/gevp/scripts/vehicle.gd",1,"{}"
3716,113.28,6489.9,3,1.000,0.000,0.000,0.000,1.203,50.00,50.00,50.00,50.00,0.0000,0.0000,"rust_physics_benchmark","2026-08-15T00:00:00Z",60,"PHY_SIM","res://scenes/tracks/test_field/la_chutana_generated.tscn","VehicleRigidBody","res://scenes/vehicles/jordan_197/jordan_197.tscn","res://addons/gevp/scripts/vehicle.gd",1,"{}"
3733,113.99,6577.4,3,1.000,0.000,0.000,0.000,1.205,50.00,50.00,50.00,50.00,0.0000,0.0000,"rust_physics_benchmark","2026-08-15T00:00:00Z",60,"PHY_SIM","res://scenes/tracks/test_field/la_chutana_generated.tscn","VehicleRigidBody","res://scenes/vehicles/jordan_197/jordan_197.tscn","res://addons/gevp/scripts/vehicle.gd",1,"{}"
3749,114.70,6666.0,3,1.000,0.000,0.000,0.000,1.207,50.00,50.00,50.00,50.00,0.0000,0.0000,"rust_physics_benchmark","2026-08-15T00:00:00Z",60,"PHY_SIM","res://scenes/tracks/test_field/la_chutana_generated.tscn","VehicleRigidBody","res://scenes/vehicles/jordan_197/jordan_197.tscn","res://addons/gevp/scripts/vehicle.gd",1,"{}"
3766,115.41,6755.8,3,1.000,0.000,0.000,0.000,1.210,50.00,50.00,50.00,50.00,0.0000,0.0000,"rust_physics_benchmark","2026-08-15T00:00:00Z",60,"PHY_SIM","res://scenes/tracks/test_field/la_chutana_generated.tscn","VehicleRigidBody","res://scenes/vehicles/jordan_197/jordan_197.tscn","res://addons/gevp/scripts/vehicle.gd",1,"{}"
3783,116.13,6846.7,3,1.000,0.000,0.000,0.000,1.212,50.00,50.00,50.00,50.00,0.0000,0.0000,"rust_physics_benchmark","2026-08-15T00:00:00Z",60,"PHY_SIM","res://scenes/tracks/test_field/la_chutana_generated.tscn","VehicleRigidBody","res://scenes/vehicles/jordan_197/jordan_197.tscn","res://addons/gevp/scripts/vehicle.gd",1,"{}"
3799,116.84,6938.8,3,1.000,0.000,0.000,0.000,1.214,50.00,50.00,50.00,50.00,0.0000,0.0000,"rust_physics_benchmark","2026-08-15T00:00:00Z",60,"PHY_SIM","res://scenes/tracks/test_field/la_chutana_generated.tscn","VehicleRigidBody","res://scenes/vehicles/jordan_197/jordan_197.tscn","res://addons/gevp/scripts/vehicle.gd",1,"{}"
3816,117.56,7032.0,3,1.000,0.000,0.000,0.000,1.217,50.00,50.00,50.00,50.00,0.0000,0.0000,"rust_physics_benchmark","2026-08-15T00:00:00Z",60,"PHY_SIM","res://scenes/tracks/test_field/la_chutana_generated.tscn","VehicleRigidBody","res://scenes/vehicles/jordan_197/jordan_197.tscn","res://addons/gevp/scripts/vehicle.gd",1,"{}"
3833,118.28,7126.4,3,1.000,0.000,0.000,0.000,1.219,50.00,50.00,50.00,50.00,0.0000,0.0000,"rust_physics_benchmark","2026-08-15T00:00:00Z",60,"PHY_SIM","res://scenes/tracks/test_field/la_chutana_generated.tscn","VehicleRigidBody","res://scenes/vehicles/jordan_197/jordan_197.tscn","res://addons/gevp/scripts/vehicle.gd",1,"{}"
3849,118.99,7222.0,3,1.000,0.000,0.000,0.000,1.221,50.00,50.00,50.00,50.00,0.0000,0.0000,"rust_physics_benchmark","2026-08-15T00:00:00Z",60,"PHY_SIM","res://scenes/tracks/test_field/la_chutana_generated.tscn","VehicleRigidBody","res://scenes/vehicles/jordan_197/jordan_197.tscn","res://addons/gevp/scripts/vehicle.gd",1,"{}"
3866,119.71,7318.9,3,1.000,0.000,0.000,0.000,1.224,50.00,50.00,50.00,50.00,0.0000,0.0000,"rust_physics_benchmark","2026-08-15T00:00:00Z",60,"PHY_SIM","res://scenes/tracks/test_field/la_chutana_generated.tscn","VehicleRigidBody","res://scenes/vehicles/jordan_197/jordan_197.tscn","res://addons/gevp/scripts/vehicle.gd",1,"{}"
3883,120.44,7417.0,3,1.000,0.000,0.000,0.000,1.226,50.00,50.00,50.00,50.00,0.0000,0.0000,"rust_physics_benchmark","2026-08-15T00:00:00Z",60,"PHY_SIM","res://scenes/tracks/test_field/la_chutana_generated.tscn","VehicleRigidBody","res://scenes/vehicles/jordan_197/jordan_197.tscn","res://addons/gevp/scripts/vehicle.gd",1,"{}"
3899,121.16,7516.3,3,1.000,0.000,0.000,0.000,1.229,50.00,50.00,50.00,50.00,0.0000,0.0000,"rust_physics_benchmark","2026-08-15T00:00:00Z",60,"PHY_SIM","res://scenes/tracks/test_field/la_chutana_generated.tscn","VehicleRigidBody","res://scenes/vehicles/jordan_197/jordan_197.tscn","res://addons/gevp/scripts/vehicle.gd",1,"{}"
3916,121.88,7616.9,3,1.000,0.000,0.000,0.000,1.231,50.00,50.00,50.00,50.00,0.0000,0.0000,"rust_physics_benchmark","2026-08-15T00:00:00Z",60,"PHY_SIM","res://scenes/tracks/test_field/la_chutana_generated.tscn","VehicleRigidBody","res://scenes/vehicles/jordan_197/jordan_197.tscn","res://addons/gevp/scripts/vehicle.gd",1,"{}"
3933,122.61,7718.8,3,1.000,0.000,0.000,0.000,1.234,50.00,50.00,50.00,50.00,0.0000,0.0000,"rust_physics_benchmark","2026-08-15T00:00:00Z",60,"PHY_SIM","res://scenes/tracks/test_field/la_chutana_generated.tscn","VehicleRigidBody","res://scenes/vehicles/jordan_197/jordan_197.tscn","res://addons/gevp/scripts/vehicle.gd",1,"{}"
3949,123.34,7822.0,3,1.000,0.000,0.000,0.000,1.236,50.00,50.00,50.00,50.00,0.0000,0.0000,"rust_physics_benchmark","2026-08-15T00:00:00Z",60,"PHY_SIM","res://scenes/tracks/test_field/la_chutana_generated.tscn","VehicleRigidBody","res://scenes/vehicles/jordan_197/jordan_197.tscn","res://addons/gevp/scripts/vehicle.gd",1,"{}"
3966,124.06,7926.5,3,1.000,0.000,0.000,0.000,1.239,50.00,50.00,50.00,50.00,0.0000,0.0000,"rust_physics_benchmark","2026-08-15T00:00:00Z",60,"PHY_SIM","res://scenes/tracks/test_field/la_chutana_generated.tscn","VehicleRigidBody","res://scenes/vehicles/jordan_197/jordan_197.tscn","res://addons/gevp/scripts/vehicle.gd",1,"{}"
3983,124.79,8032.4,3,1.000,0.000,0.000,0.000,1.241,50.00,50.00,50.00,50.00,0.0000,0.0000,"rust_physics_benchmark","2026-08-15T00:00:00Z",60,"PHY_SIM","res://scenes/tracks/test_field/la_chutana_generated.tscn","VehicleRigidBody","res://scenes/vehicles/jordan_197/jordan_197.tscn","res://addons/gevp/scripts/vehicle.gd",1,"{}"
3999,125.53,8139.6,3,1.000,0.000,0.000,0.000,1.244,50.00,50.00,50.00,50.00,0.0000,0.0000,"rust_physics_benchmark","2026-08-15T00:00:00Z",60,"PHY_SIM","res://scenes/tracks/test_field/la_chutana_generated.tscn","VehicleRigidBody","res://scenes/vehicles/jordan_197/jordan_197.tscn","res://addons/gevp/scripts/vehicle.gd",1,"{}"
4016,126.26,8248.1,3,1.000,0.000,0.000,0.000,1.246,50.00,50.00,50.00,50.00,0.0000,0.0000,"rust_physics_benchmark","2026-08-15T00:00:00Z",60,"PHY_SIM","res://scenes/tracks/test_field/la_chutana_generated.tscn","VehicleRigidBody","res://scenes/vehicles/jordan_197/jordan_197.tscn","res://addons/gevp/scripts/vehicle.gd",1,"{}"
4033,126.99,8358.1,3,1.000,0.000,0.000,0.000,1.249,50.00,50.00,50.00,50.00,0.0000,0.0000,"rust_physics_benchmark","2026-08-15T00:00:00Z",60,"PHY_SIM","res://scenes/tracks/test_field/la_chutana_generated.tscn","VehicleRigidBody","res://scenes/vehicles/jordan_197/jordan_197.tscn","res://addons/gevp/scripts/vehicle.gd",1,"{}"
4049,127.73,8469.5,3,1.000,0.000,0.000,0.000,1.251,50.00,50.00,50.00,50.00,0.0000,0.0000,"rust_physics_benchmark","2026-08-15T00:00:00Z",60,"PHY_SIM","res://scenes/tracks/test_field/la_chutana_generated.tscn","VehicleRigidBody","res://scenes/vehicles/jordan_197/jordan_197.tscn","res://addons/gevp/scripts/vehicle.gd",1,"{}"
4066,128.47,8582.2,3,1.000,0.000,0.000,0.000,1.254,50.00,50.00,50.00,50.00,0.0000,0.0000,"rust_physics_benchmark","2026-08-15T00:00:00Z",60,"PHY_SIM","res://scenes/tracks/test_field/la_chutana_generated.tscn","VehicleRigidBody","res://scenes/vehicles/jordan_197/jordan_197.tscn","res://addons/gevp/scripts/vehicle.gd",1,"{}"
4083,129.21,8696.5,3,1.000,0.000,0.000,0.000,1.257,50.00,50.00,50.00,50.00,0.0000,0.0000,"rust_physics_benchmark","2026-08-15T00:00:00Z",60,"PHY_SIM","res://scenes/tracks/test_field/la_chutana_generated.tscn","VehicleRigidBody","res://scenes/vehicles/jordan_197/jordan_197.tscn","res://addons/gevp/scripts/vehicle.gd",1,"{}"
4099,129.95,8812.1,3,1.000,0.000,0.000,0.000,1.259,50.00,50.00,50.00,50.00,0.0000,0.0000,"rust_physics_benchmark","2026-08-15T00:00:00Z",60,"PHY_SIM","res://scenes/tracks/test_field/la_chutana_generated.tscn","VehicleRigidBody","res://scenes/vehicles/jordan_197/jordan_197.tscn","res://addons/gevp/scripts/vehicle.gd",1,"{}"
4116,130.69,8929.3,3,1.000,0.000,0.000,0.000,1.262,50.00,50.00,50.00,50.00,0.0000,0.0000,"rust_physics_benchmark","2026-08-15T00:00:00Z",60,"PHY_SIM","res://scenes/tracks/test_field/la_chutana_generated.tscn","VehicleRigidBody","res://scenes/vehicles/jordan_197/jordan_197.tscn","res://addons/gevp/scripts/vehicle.gd",1,"{}"
4133,131.44,9047.8,3,1.000,0.000,0.000,0.000,1.265,50.00,50.00,50.00,50.00,0.0000,0.0000,"rust_physics_benchmark","2026-08-15T00:00:00Z",60,"PHY_SIM","res://scenes/tracks/test_field/la_chutana_generated.tscn","VehicleRigidBody","res://scenes/vehicles/jordan_197/jordan_197.tscn","res://addons/gevp/scripts/vehicle.gd",1,"{}"
4149,132.18,9167.6,3,1.000,0.000,0.000,0.000,1.267,50.00,50.00,50.00,50.00,0.0000,0.0000,"rust_physics_benchmark","2026-08-15T00:00:00Z",60,"PHY_SIM","res://scenes/tracks/test_field/la_chutana_generated.tscn","VehicleRigidBody","res://scenes/vehicles/jordan_197/jordan_197.tscn","res://addons/gevp/scripts/vehicle.gd",1,"{}"
4166,132.93,9288.6,3,1.000,0.000,0.000,0.000,1.270,50.00,50.00,50.00,50.00,0.0000,0.0000,"rust_physics_benchmark","2026-08-15T00:00:00Z",60,"PHY_SIM","res://scenes/tracks/test_field/la_chutana_generated.tscn","VehicleRigidBody","res://scenes/vehicles/jordan_197/jordan_197.tscn","res://addons/gevp/scripts/vehicle.gd",1,"{}"
4183,133.68,9410.9,3,1.000,0.000,0.000,0.000,1.273,50.00,50.00,50.00,50.00,0.0000,0.0000,"rust_physics_benchmark","2026-08-15T00:00:00Z",60,"PHY_SIM","res://scenes/tracks/test_field/la_chutana_generated.tscn","VehicleRigidBody","res://scenes/vehicles/jordan_197/jordan_197.tscn","res://addons/gevp/scripts/vehicle.gd",1,"{}"
4199,134.43,9534.3,3,1.000,0.000,0.000,0.000,1.276,50.00,50.00,50.00,50.00,0.0000,0.0000,"rust_physics_benchmark","2026-08-15T00:00:00Z",60,"PHY_SIM","res://scenes/tracks/test_field/la_chutana_generated.tscn","VehicleRigidBody","res://scenes/vehicles/jordan_197/jordan_197.tscn","res://addons/gevp/scripts/vehicle.gd",1,"{}"
4216,135.18,9659.0,3,1.000,0.000,0.000,0.000,1.278,50.00,50.00,50.00,50.00,0.0000,0.0000,"rust_physics_benchmark","2026-08-15T00:00:00Z",60,"PHY_SIM","res://scenes/tracks/test_field/la_chutana_generated.tscn","VehicleRigidBody","res://scenes/vehicles/jordan_197/jordan_197.tscn","res://addons/gevp/scripts/vehicle.gd",1,"{}"
4233,135.93,9784.9,3,1.000,0.000,0.000,0.000,1.281,50.00,50.00,50.00,50.00,0.0000,0.0000,"rust_physics_benchmark","2026-08-15T00:00:00Z",60,"PHY_SIM","res://scenes/tracks/test_field/la_chutana_generated.tscn","VehicleRigidBody","res://scenes/vehicles/jordan_197/jordan_197.tscn","res://addons/gevp/scripts/vehicle.gd",1,"{}"
4249,136.69,9912.1,3,1.000,0.000,0.000,0.000,1.284,50.00,50.00,50.00,50.00,0.0000,0.0000,"rust_physics_benchmark","2026-08-15T00:00:00Z",60,"PHY_SIM","res://scenes/tracks/test_field/la_chutana_generated.tscn","VehicleRigidBody","res://scenes/vehicles/jordan_197/jordan_197.tscn","res://addons/gevp/scripts/vehicle.gd",1,"{}"
4266,137.45,10040.5,3,1.000,0.000,0.000,0.000,1.287,50.00,50.00,50.00,50.00,0.0000,0.0000,"rust_physics_benchmark","2026-08-15T00:00:00Z",60,"PHY_SIM","res://scenes/tracks/test_field/la_chutana_generated.tscn","VehicleRigidBody","res://scenes/vehicles/jordan_197/jordan_197.tscn","res://addons/gevp/scripts/vehicle.gd",1,"{}"
4283,138.21,10170.1,3,1.000,0.000,0.000,0.000,1.290,50.00,50.00,50.00,50.00,0.0000,0.0000,"rust_physics_benchmark","2026-08-15T00:00:00Z",60,"PHY_SIM","res://scenes/tracks/test_field/la_chutana_generated.tscn","VehicleRigidBody","res://scenes/vehicles/jordan_197/jordan_197.tscn","res://addons/gevp/scripts/vehicle.gd",1,"{}"
4299,138.97,10301.1,3,1.000,0.000,0.000,0.000,1.293,50.00,50.00,50.00,50.00,0.0000,0.0000,"rust_physics_benchmark","2026-08-15T00:00:00Z",60,"PHY_SIM","res://scenes/tracks/test_field/la_chutana_generated.tscn","VehicleRigidBody","res://scenes/vehicles/jordan_197/jordan_197.tscn","res://addons/gevp/scripts/vehicle.gd",1,"{}"
4316,139.73,10433.3,3,1.000,0.000,0.000,0.000,1.296,50.00,50.00,50.00,50.00,0.0000,0.0000,"rust_physics_benchmark","2026-08-15T00:00:00Z",60,"PHY_SIM","res://scenes/tracks/test_field/la_chutana_generated.tscn","VehicleRigidBody","res://scenes/vehicles/jordan_197/jordan_197.tscn","res://addons/gevp/scripts/vehicle.gd",1,"{}"
4333,140.49,10566.9,3,1.000,0.000,0.000,0.000,1.299,50.00,50.00,50.00,50.00,0.0000,0.0000,"rust_physics_benchmark","2026-08-15T00:00:00Z",60,"PHY_SIM","res://scenes/tracks/test_field/la_chutana_generated.tscn","VehicleRigidBody","res://scenes/vehicles/jordan_197/jordan_197.tscn","res://addons/gevp/scripts/vehicle.gd",1,"{}"
4349,141.26,10701.0,3,1.000,0.000,0.000,0.000,1.301,50.00,50.00,50.00,50.00,0.0000,0.0000,"rust_physics_benchmark","2026-08-15T00:00:00Z",60,"PHY_SIM","res://scenes/tracks/test_field/la_chutana_generated.tscn","VehicleRigidBody","res://scenes/vehicles/jordan_197/jordan_197.tscn","res://addons/gevp/scripts/vehicle.gd",1,"{}"
4366,142.03,10834.9,3,1.000,0.000,0.000,0.000,1.304,50.00,50.00,50.00,50.00,0.0000,0.0000,"rust_physics_benchmark","2026-08-15T00:00:00Z",60,"PHY_SIM","res://scenes/tracks/test_field/la_chutana_generated.tscn","VehicleRigidBody","res://scenes/vehicles/jordan_197/jordan_197.tscn","res://addons/gevp/scripts/vehicle.gd",1,"{}"
4383,142.80,10968.4,3,1.000,0.000,0.000,0.000,1.307,50.00,50.00,50.00,50.00,0.0000,0.0000,"rust_physics_benchmark","2026-08-15T00:00:00Z",60,"PHY_SIM","res://scenes/tracks/test_field/la_chutana_generated.tscn","VehicleRigidBody","res://scenes/vehicles/jordan_197/jordan_197.tscn","res://addons/gevp/scripts/vehicle.gd",1,"{}"
4399,143.57,11101.1,3,1.000,0.000,0.000,0.000,1.310,50.00,50.00,50.00,50.00,0.0000,0.0000,"rust_physics_benchmark","2026-08-15T00:00:00Z",60,"PHY_SIM","res://scenes/tracks/test_field/la_chutana_generated.tscn","VehicleRigidBody","res://scenes/vehicles/jordan_197/jordan_197.tscn","res://addons/gevp/scripts/vehicle.gd",1,"{}"
4416,144.34,11233.2,3,1.000,0.000,0.000,0.000,1.314,50.00,50.00,50.00,50.00,0.0000,0.0000,"rust_physics_benchmark","2026-08-15T00:00:00Z",60,"PHY_SIM","res://scenes/tracks/test_field/la_chutana_generated.tscn","VehicleRigidBody","res://scenes/vehicles/jordan_197/jordan_197.tscn","res://addons/gevp/scripts/vehicle.gd",1,"{}"
4433,145.11,11364.4,3,1.000,0.000,0.000,0.000,1.317,50.00,50.00,50.00,50.00,0.0000,0.0000,"rust_physics_benchmark","2026-08-15T00:00:00Z",60,"PHY_SIM","res://scenes/tracks/test_field/la_chutana_generated.tscn","VehicleRigidBody","res://scenes/vehicles/jordan_197/jordan_197.tscn","res://addons/gevp/scripts/vehicle.gd",1,"{}"
4449,145.89,11494.8,3,1.000,0.000,0.000,0.000,1.320,50.00,50.00,50.00,50.00,0.0000,0.0000,"rust_physics_benchmark","2026-08-15T00:00:00Z",60,"PHY_SIM","res://scenes/tracks/test_field/la_chutana_generated.tscn","VehicleRigidBody","res://scenes/vehicles/jordan_197/jordan_197.tscn","res://addons/gevp/scripts/vehicle.gd",1,"{}"
4466,146.67,11624.4,3,1.000,0.000,0.000,0.000,1.323,50.00,50.00,50.00,50.00,0.0000,0.0000,"rust_physics_benchmark","2026-08-15T00:00:00Z",60,"PHY_SIM","res://scenes/tracks/test_field/la_chutana_generated.tscn","VehicleRigidBody","res://scenes/vehicles/jordan_197/jordan_197.tscn","res://addons/gevp/scripts/vehicle.gd",1,"{}"
4483,147.45,11753.1,3,1.000,0.000,0.000,0.000,1.326,50.00,50.00,50.00,50.00,0.0000,0.0000,"rust_physics_benchmark","2026-08-15T00:00:00Z",60,"PHY_SIM","res://scenes/tracks/test_field/la_chutana_generated.tscn","VehicleRigidBody","res://scenes/vehicles/jordan_197/jordan_197.tscn","res://addons/gevp/scripts/vehicle.gd",1,"{}"
4499,148.23,12001.5,3,1.000,0.000,0.000,0.000,1.329,50.00,50.00,50.00,50.00,0.0000,0.0000,"rust_physics_benchmark","2026-08-15T00:00:00Z",60,"PHY_SIM","res://scenes/tracks/test_field/la_chutana_generated.tscn","VehicleRigidBody","res://scenes/vehicles/jordan_197/jordan_197.tscn","res://addons/gevp/scripts/vehicle.gd",1,"{}"
4516,148.00,12219.9,3,1.000,0.000,0.000,0.000,-0.390,50.00,50.00,50.00,50.00,0.0000,0.0000,"rust_physics_benchmark","2026-08-15T00:00:00Z",60,"PHY_SIM","res://scenes/tracks/test_field/la_chutana_generated.tscn","VehicleRigidBody","res://scenes/vehicles/jordan_197/jordan_197.tscn","res://addons/gevp/scripts/vehicle.gd",1,"{}"
4533,147.72,12404.2,3,1.000,0.000,0.000,0.000,-0.479,50.00,50.00,50.00,50.00,0.0000,0.0000,"rust_physics_benchmark","2026-08-15T00:00:00Z",60,"PHY_SIM","res://scenes/tracks/test_field/la_chutana_generated.tscn","VehicleRigidBody","res://scenes/vehicles/jordan_197/jordan_197.tscn","res://addons/gevp/scripts/vehicle.gd",1,"{}"
4549,147.83,12556.2,3,1.000,0.000,0.000,0.000,0.185,50.00,50.00,50.00,50.00,0.0000,0.0000,"rust_physics_benchmark","2026-08-15T00:00:00Z",60,"PHY_SIM","res://scenes/tracks/test_field/la_chutana_generated.tscn","VehicleRigidBody","res://scenes/vehicles/jordan_197/jordan_197.tscn","res://addons/gevp/scripts/vehicle.gd",1,"{}"
4566,148.00,12678.8,3,1.000,0.000,0.000,0.000,0.284,50.00,50.00,50.00,50.00,0.0000,0.0000,"rust_physics_benchmark","2026-08-15T00:00:00Z",60,"PHY_SIM","res://scenes/tracks/test_field/la_chutana_generated.tscn","VehicleRigidBody","res://scenes/vehicles/jordan_197/jordan_197.tscn","res://addons/gevp/scripts/vehicle.gd",1,"{}"
4583,148.23,12774.5,3,1.000,0.000,0.000,0.000,0.392,50.00,50.00,50.00,50.00,0.0000,0.0000,"rust_physics_benchmark","2026-08-15T00:00:00Z",60,"PHY_SIM","res://scenes/tracks/test_field/la_chutana_generated.tscn","VehicleRigidBody","res://scenes/vehicles/jordan_197/jordan_197.tscn","res://addons/gevp/scripts/vehicle.gd",1,"{}"
4599,148.52,12845.0,3,1.000,0.000,0.000,0.000,0.497,50.00,50.00,50.00,50.00,0.0000,0.0000,"rust_physics_benchmark","2026-08-15T00:00:00Z",60,"PHY_SIM","res://scenes/tracks/test_field/la_chutana_generated.tscn","VehicleRigidBody","res://scenes/vehicles/jordan_197/jordan_197.tscn","res://addons/gevp/scripts/vehicle.gd",1,"{}"
4616,148.87,12891.8,3,1.000,0.000,0.000,0.000,0.602,50.00,50.00,50.00,50.00,0.0000,0.0000,"rust_physics_benchmark","2026-08-15T00:00:00Z",60,"PHY_SIM","res://scenes/tracks/test_field/la_chutana_generated.tscn","VehicleRigidBody","res://scenes/vehicles/jordan_197/jordan_197.tscn","res://addons/gevp/scripts/vehicle.gd",1,"{}"
4633,149.29,12916.2,3,1.000,0.000,0.000,0.000,0.708,50.00,50.00,50.00,50.00,0.0000,0.0000,"rust_physics_benchmark","2026-08-15T00:00:00Z",60,"PHY_SIM","res://scenes/tracks/test_field/la_chutana_generated.tscn","VehicleRigidBody","res://scenes/vehicles/jordan_197/jordan_197.tscn","res://addons/gevp/scripts/vehicle.gd",1,"{}"
4649,149.77,9938.3,3,1.000,0.000,0.000,0.000,0.817,50.00,50.00,50.00,50.00,0.0000,0.0000,"rust_physics_benchmark","2026-08-15T00:00:00Z",60,"PHY_SIM","res://scenes/tracks/test_field/la_chutana_generated.tscn","VehicleRigidBody","res://scenes/vehicles/jordan_197/jordan_197.tscn","res://addons/gevp/scripts/vehicle.gd",1,"{}"
4666,150.04,5727.5,4,1.000,0.000,0.000,0.000,0.455,50.00,50.00,50.00,50.00,0.0000,0.0000,"rust_physics_benchmark","2026-08-15T00:00:00Z",60,"PHY_SIM","res://scenes/tracks/test_field/la_chutana_generated.tscn","VehicleRigidBody","res://scenes/vehicles/jordan_197/jordan_197.tscn","res://addons/gevp/scripts/vehicle.gd",1,"{}"
4683,150.31,5753.8,4,1.000,0.000,0.000,0.000,0.463,50.00,50.00,50.00,50.00,0.0000,0.0000,"rust_physics_benchmark","2026-08-15T00:00:00Z",60,"PHY_SIM","res://scenes/tracks/test_field/la_chutana_generated.tscn","VehicleRigidBody","res://scenes/vehicles/jordan_197/jordan_197.tscn","res://addons/gevp/scripts/vehicle.gd",1,"{}"
4699,150.58,5793.3,4,1.000,0.000,0.000,0.000,0.464,50.00,50.00,50.00,50.00,0.0000,0.0000,"rust_physics_benchmark","2026-08-15T00:00:00Z",60,"PHY_SIM","res://scenes/tracks/test_field/la_chutana_generated.tscn","VehicleRigidBody","res://scenes/vehicles/jordan_197/jordan_197.tscn","res://addons/gevp/scripts/vehicle.gd",1,"{}"
4716,150.86,5839.4,4,1.000,0.000,0.000,0.000,0.468,50.00,50.00,50.00,50.00,0.0000,0.0000,"rust_physics_benchmark","2026-08-15T00:00:00Z",60,"PHY_SIM","res://scenes/tracks/test_field/la_chutana_generated.tscn","VehicleRigidBody","res://scenes/vehicles/jordan_197/jordan_197.tscn","res://addons/gevp/scripts/vehicle.gd",1,"{}"
4733,151.16,5889.1,4,1.000,0.000,0.000,0.000,0.513,50.00,50.00,50.00,50.00,0.0000,0.0000,"rust_physics_benchmark","2026-08-15T00:00:00Z",60,"PHY_SIM","res://scenes/tracks/test_field/la_chutana_generated.tscn","VehicleRigidBody","res://scenes/vehicles/jordan_197/jordan_197.tscn","res://addons/gevp/scripts/vehicle.gd",1,"{}"
4749,151.50,5940.7,4,1.000,0.000,0.000,0.000,0.574,50.00,50.00,50.00,50.00,0.0000,0.0000,"rust_physics_benchmark","2026-08-15T00:00:00Z",60,"PHY_SIM","res://scenes/tracks/test_field/la_chutana_generated.tscn","VehicleRigidBody","res://scenes/vehicles/jordan_197/jordan_197.tscn","res://addons/gevp/scripts/vehicle.gd",1,"{}"
4766,151.87,5993.5,4,1.000,0.000,0.000,0.000,0.634,50.00,50.00,50.00,50.00,0.0000,0.0000,"rust_physics_benchmark","2026-08-15T00:00:00Z",60,"PHY_SIM","res://scenes/tracks/test_field/la_chutana_generated.tscn","VehicleRigidBody","res://scenes/vehicles/jordan_197/jordan_197.tscn","res://addons/gevp/scripts/vehicle.gd",1,"{}"
4783,152.28,6047.1,4,1.000,0.000,0.000,0.000,0.693,50.00,50.00,50.00,50.00,0.0000,0.0000,"rust_physics_benchmark","2026-08-15T00:00:00Z",60,"PHY_SIM","res://scenes/tracks/test_field/la_chutana_generated.tscn","VehicleRigidBody","res://scenes/vehicles/jordan_197/jordan_197.tscn","res://addons/gevp/scripts/vehicle.gd",1,"{}"
4799,152.72,6101.4,4,1.000,0.000,0.000,0.000,0.751,50.00,50.00,50.00,50.00,0.0000,0.0000,"rust_physics_benchmark","2026-08-15T00:00:00Z",60,"PHY_SIM","res://scenes/tracks/test_field/la_chutana_generated.tscn","VehicleRigidBody","res://scenes/vehicles/jordan_197/jordan_197.tscn","res://addons/gevp/scripts/vehicle.gd",1,"{}"
4816,153.20,6156.1,4,1.000,0.000,0.000,0.000,0.807,50.00,50.00,50.00,50.00,0.0000,0.0000,"rust_physics_benchmark","2026-08-15T00:00:00Z",60,"PHY_SIM","res://scenes/tracks/test_field/la_chutana_generated.tscn","VehicleRigidBody","res://scenes/vehicles/jordan_197/jordan_197.tscn","res://addons/gevp/scripts/vehicle.gd",1,"{}"
4833,153.70,6211.4,4,1.000,0.000,0.000,0.000,0.862,50.00,50.00,50.00,50.00,0.0000,0.0000,"rust_physics_benchmark","2026-08-15T00:00:00Z",60,"PHY_SIM","res://scenes/tracks/test_field/la_chutana_generated.tscn","VehicleRigidBody","res://scenes/vehicles/jordan_197/jordan_197.tscn","res://addons/gevp/scripts/vehicle.gd",1,"{}"
4849,154.24,6267.2,4,1.000,0.000,0.000,0.000,0.916,50.00,50.00,50.00,50.00,0.0000,0.0000,"rust_physics_benchmark","2026-08-15T00:00:00Z",60,"PHY_SIM","res://scenes/tracks/test_field/la_chutana_generated.tscn","VehicleRigidBody","res://scenes/vehicles/jordan_197/jordan_197.tscn","res://addons/gevp/scripts/vehicle.gd",1,"{}"
4866,154.81,6323.4,4,1.000,0.000,0.000,0.000,0.968,50.00,50.00,50.00,50.00,0.0000,0.0000,"rust_physics_benchmark","2026-08-15T00:00:00Z",60,"PHY_SIM","res://scenes/tracks/test_field/la_chutana_generated.tscn","VehicleRigidBody","res://scenes/vehicles/jordan_197/jordan_197.tscn","res://addons/gevp/scripts/vehicle.gd",1,"{}"
4883,155.41,6380.1,4,1.000,0.000,0.000,0.000,1.020,50.00,50.00,50.00,50.00,0.0000,0.0000,"rust_physics_benchmark","2026-08-15T00:00:00Z",60,"PHY_SIM","res://scenes/tracks/test_field/la_chutana_generated.tscn","VehicleRigidBody","res://scenes/vehicles/jordan_197/jordan_197.tscn","res://addons/gevp/scripts/vehicle.gd",1,"{}"
4899,156.04,6437.3,4,1.000,0.000,0.000,0.000,1.071,50.00,50.00,50.00,50.00,0.0000,0.0000,"rust_physics_benchmark","2026-08-15T00:00:00Z",60,"PHY_SIM","res://scenes/tracks/test_field/la_chutana_generated.tscn","VehicleRigidBody","res://scenes/vehicles/jordan_197/jordan_197.tscn","res://addons/gevp/scripts/vehicle.gd",1,"{}"
4916,156.70,6495.0,4,1.000,0.000,0.000,0.000,1.121,50.00,50.00,50.00,50.00,0.0000,0.0000,"rust_physics_benchmark","2026-08-15T00:00:00Z",60,"PHY_SIM","res://scenes/tracks/test_field/la_chutana_generated.tscn","VehicleRigidBody","res://scenes/vehicles/jordan_197/jordan_197.tscn","res://addons/gevp/scripts/vehicle.gd",1,"{}"
4933,157.39,6553.1,4,1.000,0.000,0.000,0.000,1.170,50.00,50.00,50.00,50.00,0.0000,0.0000,"rust_physics_benchmark","2026-08-15T00:00:00Z",60,"PHY_SIM","res://scenes/tracks/test_field/la_chutana_generated.tscn","VehicleRigidBody","res://scenes/vehicles/jordan_197/jordan_197.tscn","res://addons/gevp/scripts/vehicle.gd",1,"{}"
4949,158.11,6611.8,4,1.000,0.000,0.000,0.000,1.218,50.00,50.00,50.00,50.00,0.0000,0.0000,"rust_physics_benchmark","2026-08-15T00:00:00Z",60,"PHY_SIM","res://scenes/tracks/test_field/la_chutana_generated.tscn","VehicleRigidBody","res://scenes/vehicles/jordan_197/jordan_197.tscn","res://addons/gevp/scripts/vehicle.gd",1,"{}"
4966,158.85,6670.9,4,1.000,0.000,0.000,0.000,1.265,50.00,50.00,50.00,50.00,0.0000,0.0000,"rust_physics_benchmark","2026-08-15T00:00:00Z",60,"PHY_SIM","res://scenes/tracks/test_field/la_chutana_generated.tscn","VehicleRigidBody","res://scenes/vehicles/jordan_197/jordan_197.tscn","res://addons/gevp/scripts/vehicle.gd",1,"{}"
4983,159.62,6730.5,4,1.000,0.000,0.000,0.000,1.311,50.00,50.00,50.00,50.00,0.0000,0.0000,"rust_physics_benchmark","2026-08-15T00:00:00Z",60,"PHY_SIM","res://scenes/tracks/test_field/la_chutana_generated.tscn","VehicleRigidBody","res://scenes/vehicles/jordan_197/jordan_197.tscn","res://addons/gevp/scripts/vehicle.gd",1,"{}"
4999,160.42,6790.7,4,1.000,0.000,0.000,0.000,1.357,50.00,50.00,50.00,50.00,0.0000,0.0000,"rust_physics_benchmark","2026-08-15T00:00:00Z",60,"PHY_SIM","res://scenes/tracks/test_field/la_chutana_generated.tscn","VehicleRigidBody","res://scenes/vehicles/jordan_197/jordan_197.tscn","res://addons/gevp/scripts/vehicle.gd",1,"{}"
