Time_ms,Speed_kmh,RPM,Gear,Throttle,Brake,Steering,Lat_G,Long_G,Vert_G,FL_Comp,FR_Comp,RL_Comp,RR_Comp,Front_Slip,Rear_Slip,Session_Id,Session_Timestamp_UTC,Physics_Hz,Test_Id,Track_Scene,Vehicle_Node_Path,Vehicle_Scene,Vehicle_Script,Setup_Schema_Version,Setup_JSON
16,0.00,4524.1,1,0.333,0.000,0.000,0.000,-0.000,0.000,70.00,70.00,63.00,63.00,0.0000,0.0000,"rust_gevp_tri_ray","",60,"GEVP_TRI_RAY","","VehicleRigidBody","","Rust GEVP-aligned force solver",2,"{}"
33,0.15,4560.6,1,0.667,0.000,0.000,0.000,0.257,-0.000,70.00,70.00,63.00,63.00,0.0000,0.1753,"rust_gevp_tri_ray","",60,"GEVP_TRI_RAY","","VehicleRigidBody","","Rust GEVP-aligned force solver",2,"{}"
50,0.59,4580.6,1,1.000,0.000,0.000,0.000,0.740,0.010,69.28,69.28,63.59,63.59,0.0454,0.4400,"rust_gevp_tri_ray","",60,"GEVP_TRI_RAY","","VehicleRigidBody","","Rust GEVP-aligned force solver",2,"{}"
66,1.08,4585.6,1,1.000,0.000,0.000,0.000,0.840,0.024,67.25,67.25,65.20,65.20,0.1110,0.3514,"rust_gevp_tri_ray","",60,"GEVP_TRI_RAY","","VehicleRigidBody","","Rust GEVP-aligned force solver",2,"{}"
83,1.59,4586.9,1,1.000,0.000,0.000,0.000,0.873,0.018,65.04,65.04,66.82,66.82,0.0885,0.2293,"rust_gevp_tri_ray","",60,"GEVP_TRI_RAY","","VehicleRigidBody","","Rust GEVP-aligned force solver",2,"{}"
99,2.11,4587.2,1,1.000,0.000,0.000,0.000,0.880,0.006,62.88,62.88,68.29,68.29,0.0835,0.1167,"rust_gevp_tri_ray","",60,"GEVP_TRI_RAY","","VehicleRigidBody","","Rust GEVP-aligned force solver",2,"{}"
116,2.63,4587.3,1,1.000,0.000,0.000,0.000,0.882,-0.004,60.89,60.89,69.58,69.58,0.0768,0.0214,"rust_gevp_tri_ray","",60,"GEVP_TRI_RAY","","VehicleRigidBody","","Rust GEVP-aligned force solver",2,"{}"
133,2.08,4587.3,1,1.000,0.000,0.000,0.000,-0.938,-0.010,59.10,59.10,70.69,70.69,0.0709,0.0592,"rust_gevp_tri_ray","",60,"GEVP_TRI_RAY","","VehicleRigidBody","","Rust GEVP-aligned force solver",2,"{}"
150,2.42,4587.3,1,1.000,0.000,0.000,0.000,0.584,-0.013,62.53,62.53,67.60,67.60,0.1377,0.8594,"rust_gevp_tri_ray","",60,"GEVP_TRI_RAY","","VehicleRigidBody","","Rust GEVP-aligned force solver",2,"{}"
166,2.91,4587.3,1,1.000,0.000,0.000,0.000,0.824,-0.025,62.14,62.14,67.68,67.68,0.0508,0.8645,"rust_gevp_tri_ray","",60,"GEVP_TRI_RAY","","VehicleRigidBody","","Rust GEVP-aligned force solver",2,"{}"
183,3.43,4587.3,1,1.000,0.000,0.000,0.000,0.883,0.002,60.48,60.48,68.91,68.91,0.0656,0.7425,"rust_gevp_tri_ray","",60,"GEVP_TRI_RAY","","VehicleRigidBody","","Rust GEVP-aligned force solver",2,"{}"
199,3.95,4587.3,1,1.000,0.000,0.000,0.000,0.882,-0.001,58.79,58.79,70.14,70.14,0.0633,0.6169,"rust_gevp_tri_ray","",60,"GEVP_TRI_RAY","","VehicleRigidBody","","Rust GEVP-aligned force solver",2,"{}"
216,4.47,4587.3,1,1.000,0.000,0.000,0.000,0.882,-0.006,57.25,57.25,71.20,71.20,0.0586,0.5095,"rust_gevp_tri_ray","",60,"GEVP_TRI_RAY","","VehicleRigidBody","","Rust GEVP-aligned force solver",2,"{}"
233,4.99,4587.3,1,1.000,0.000,0.000,0.000,0.882,-0.009,55.87,55.87,72.14,72.14,0.0550,0.4157,"rust_gevp_tri_ray","",60,"GEVP_TRI_RAY","","VehicleRigidBody","","Rust GEVP-aligned force solver",2,"{}"
249,5.50,4587.3,1,1.000,0.000,0.000,0.000,0.882,-0.011,54.63,54.63,72.97,72.97,0.0517,0.3331,"rust_gevp_tri_ray","",60,"GEVP_TRI_RAY","","VehicleRigidBody","","Rust GEVP-aligned force solver",2,"{}"
266,6.02,4587.3,1,1.000,0.000,0.000,0.000,0.882,-0.012,53.52,53.52,73.70,73.70,0.0488,0.2597,"rust_gevp_tri_ray","",60,"GEVP_TRI_RAY","","VehicleRigidBody","","Rust GEVP-aligned force solver",2,"{}"
283,6.54,4587.3,1,1.000,0.000,0.000,0.000,0.882,-0.013,52.54,52.54,74.35,74.35,0.0462,0.1941,"rust_gevp_tri_ray","",60,"GEVP_TRI_RAY","","VehicleRigidBody","","Rust GEVP-aligned force solver",2,"{}"
300,7.06,4587.3,1,1.000,0.000,0.000,0.000,0.882,-0.014,51.67,51.67,74.93,74.93,0.0439,0.1351,"rust_gevp_tri_ray","",60,"GEVP_TRI_RAY","","VehicleRigidBody","","Rust GEVP-aligned force solver",2,"{}"
316,7.58,4587.3,1,1.000,0.000,0.000,0.000,0.882,-0.014,50.90,50.90,75.45,75.45,0.0418,0.0819,"rust_gevp_tri_ray","",60,"GEVP_TRI_RAY","","VehicleRigidBody","","Rust GEVP-aligned force solver",2,"{}"
333,8.10,4587.3,1,1.000,0.000,0.000,0.000,0.882,-0.014,50.22,50.22,75.91,75.91,0.0399,0.0335,"rust_gevp_tri_ray","",60,"GEVP_TRI_RAY","","VehicleRigidBody","","Rust GEVP-aligned force solver",2,"{}"
350,7.55,4587.3,1,1.000,0.000,0.000,0.000,-0.939,-0.016,49.61,49.61,76.32,76.32,0.0381,0.0107,"rust_gevp_tri_ray","",60,"GEVP_TRI_RAY","","VehicleRigidBody","","Rust GEVP-aligned force solver",2,"{}"
366,7.91,4609.8,1,1.000,0.000,0.000,0.000,0.618,-0.007,54.09,54.09,72.68,72.68,0.0700,0.4181,"rust_gevp_tri_ray","",60,"GEVP_TRI_RAY","","VehicleRigidBody","","Rust GEVP-aligned force solver",2,"{}"
383,8.38,4606.6,1,1.000,0.000,0.000,0.000,0.793,-0.009,54.98,54.98,71.99,71.99,0.0285,0.4363,"rust_gevp_tri_ray","",60,"GEVP_TRI_RAY","","VehicleRigidBody","","Rust GEVP-aligned force solver",2,"{}"
399,8.91,4605.2,1,1.000,0.000,0.000,0.000,0.900,-0.002,54.21,54.21,72.68,72.68,0.0344,0.3989,"rust_gevp_tri_ray","",60,"GEVP_TRI_RAY","","VehicleRigidBody","","Rust GEVP-aligned force solver",2,"{}"
416,9.43,4604.0,1,1.000,0.000,0.000,0.000,0.896,-0.000,53.19,53.19,73.54,73.54,0.0367,0.3403,"rust_gevp_tri_ray","",60,"GEVP_TRI_RAY","","VehicleRigidBody","","Rust GEVP-aligned force solver",2,"{}"
433,9.96,4603.7,1,1.000,0.000,0.000,0.000,0.889,-0.005,52.26,52.26,74.28,74.28,0.0347,0.2863,"rust_gevp_tri_ray","",60,"GEVP_TRI_RAY","","VehicleRigidBody","","Rust GEVP-aligned force solver",2,"{}"
449,10.48,4603.8,1,1.000,0.000,0.000,0.000,0.886,-0.008,51.44,51.44,74.91,74.91,0.0331,0.2379,"rust_gevp_tri_ray","",60,"GEVP_TRI_RAY","","VehicleRigidBody","","Rust GEVP-aligned force solver",2,"{}"
466,11.00,4603.9,1,1.000,0.000,0.000,0.000,0.886,-0.010,50.71,50.71,75.46,75.46,0.0318,0.1935,"rust_gevp_tri_ray","",60,"GEVP_TRI_RAY","","VehicleRigidBody","","Rust GEVP-aligned force solver",2,"{}"
483,11.52,4604.0,1,1.000,0.000,0.000,0.000,0.886,-0.011,50.05,50.05,75.94,75.94,0.0307,0.1523,"rust_gevp_tri_ray","",60,"GEVP_TRI_RAY","","VehicleRigidBody","","Rust GEVP-aligned force solver",2,"{}"
499,12.04,4604.1,1,1.000,0.000,0.000,0.000,0.886,-0.012,49.47,49.47,76.37,76.37,0.0296,0.1139,"rust_gevp_tri_ray","",60,"GEVP_TRI_RAY","","VehicleRigidBody","","Rust GEVP-aligned force solver",2,"{}"
516,12.56,4604.3,1,1.000,0.000,0.000,0.000,0.886,-0.012,48.95,48.95,76.75,76.75,0.0286,0.0781,"rust_gevp_tri_ray","",60,"GEVP_TRI_RAY","","VehicleRigidBody","","Rust GEVP-aligned force solver",2,"{}"
533,13.08,4604.4,1,1.000,0.000,0.000,0.000,0.886,-0.012,48.49,48.49,77.09,77.09,0.0277,0.0445,"rust_gevp_tri_ray","",60,"GEVP_TRI_RAY","","VehicleRigidBody","","Rust GEVP-aligned force solver",2,"{}"
550,13.61,4604.5,1,1.000,0.000,0.000,0.000,0.885,-0.012,48.08,48.08,77.39,77.39,0.0269,0.0130,"rust_gevp_tri_ray","",60,"GEVP_TRI_RAY","","VehicleRigidBody","","Rust GEVP-aligned force solver",2,"{}"
566,13.05,4604.6,1,1.000,0.000,0.000,0.000,-0.945,-0.015,47.72,47.72,77.66,77.66,0.0260,0.0165,"rust_gevp_tri_ray","",60,"GEVP_TRI_RAY","","VehicleRigidBody","","Rust GEVP-aligned force solver",2,"{}"
583,13.42,4640.0,1,1.000,0.000,0.000,0.000,0.624,-0.004,52.42,52.42,73.89,73.89,0.0470,0.2562,"rust_gevp_tri_ray","",60,"GEVP_TRI_RAY","","VehicleRigidBody","","Rust GEVP-aligned force solver",2,"{}"
600,13.88,4642.8,1,1.000,0.000,0.000,0.000,0.785,-0.004,53.59,53.59,73.02,73.02,0.0195,0.2665,"rust_gevp_tri_ray","",60,"GEVP_TRI_RAY","","VehicleRigidBody","","Rust GEVP-aligned force solver",2,"{}"
616,14.41,4643.2,1,1.000,0.000,0.000,0.000,0.897,-0.003,52.99,52.99,73.58,73.58,0.0233,0.2468,"rust_gevp_tri_ray","",60,"GEVP_TRI_RAY","","VehicleRigidBody","","Rust GEVP-aligned force solver",2,"{}"
633,14.94,4642.3,1,1.000,0.000,0.000,0.000,0.905,-0.001,52.11,52.11,74.33,74.33,0.0255,0.2122,"rust_gevp_tri_ray","",60,"GEVP_TRI_RAY","","VehicleRigidBody","","Rust GEVP-aligned force solver",2,"{}"
650,15.47,4641.9,1,1.000,0.000,0.000,0.000,0.901,-0.004,51.28,51.28,75.01,75.01,0.0248,0.1779,"rust_gevp_tri_ray","",60,"GEVP_TRI_RAY","","VehicleRigidBody","","Rust GEVP-aligned force solver",2,"{}"
666,16.00,4641.9,1,1.000,0.000,0.000,0.000,0.898,-0.008,50.53,50.53,75.59,75.59,0.0239,0.1459,"rust_gevp_tri_ray","",60,"GEVP_TRI_RAY","","VehicleRigidBody","","Rust GEVP-aligned force solver",2,"{}"
683,16.53,4642.0,1,1.000,0.000,0.000,0.000,0.897,-0.010,49.87,49.87,76.09,76.09,0.0232,0.1159,"rust_gevp_tri_ray","",60,"GEVP_TRI_RAY","","VehicleRigidBody","","Rust GEVP-aligned force solver",2,"{}"
700,17.05,4642.2,1,1.000,0.000,0.000,0.000,0.896,-0.011,49.27,49.27,76.53,76.53,0.0226,0.0876,"rust_gevp_tri_ray","",60,"GEVP_TRI_RAY","","VehicleRigidBody","","Rust GEVP-aligned force solver",2,"{}"
716,17.58,4642.3,1,1.000,0.000,0.000,0.000,0.896,-0.012,48.74,48.74,76.92,76.92,0.0220,0.0608,"rust_gevp_tri_ray","",60,"GEVP_TRI_RAY","","VehicleRigidBody","","Rust GEVP-aligned force solver",2,"{}"
733,18.11,4642.5,1,1.000,0.000,0.000,0.000,0.896,-0.012,48.27,48.27,77.27,77.27,0.0215,0.0353,"rust_gevp_tri_ray","",60,"GEVP_TRI_RAY","","VehicleRigidBody","","Rust GEVP-aligned force solver",2,"{}"
750,18.63,4642.7,1,1.000,0.000,0.000,0.000,0.884,-0.013,47.85,47.85,77.57,77.57,0.0209,0.0111,"rust_gevp_tri_ray","",60,"GEVP_TRI_RAY","","VehicleRigidBody","","Rust GEVP-aligned force solver",2,"{}"
766,18.07,4643.1,1,1.000,0.000,0.000,0.000,-0.941,-0.016,47.51,47.51,77.82,77.82,0.0201,0.0107,"rust_gevp_tri_ray","",60,"GEVP_TRI_RAY","","VehicleRigidBody","","Rust GEVP-aligned force solver",2,"{}"
783,18.43,4686.9,1,1.000,0.000,0.000,0.000,0.608,-0.004,52.22,52.22,74.04,74.04,0.0359,0.1921,"rust_gevp_tri_ray","",60,"GEVP_TRI_RAY","","VehicleRigidBody","","Rust GEVP-aligned force solver",2,"{}"
800,18.89,4695.1,1,1.000,0.000,0.000,0.000,0.779,-0.003,53.45,53.45,73.12,73.12,0.0145,0.2006,"rust_gevp_tri_ray","",60,"GEVP_TRI_RAY","","VehicleRigidBody","","Rust GEVP-aligned force solver",2,"{}"
816,19.42,4698.1,1,1.000,0.000,0.000,0.000,0.894,-0.004,52.87,52.87,73.65,73.65,0.0179,0.1872,"rust_gevp_tri_ray","",60,"GEVP_TRI_RAY","","VehicleRigidBody","","Rust GEVP-aligned force solver",2,"{}"
833,19.95,4698.2,1,1.000,0.000,0.000,0.000,0.914,-0.001,52.02,52.02,74.40,74.40,0.0198,0.1629,"rust_gevp_tri_ray","",60,"GEVP_TRI_RAY","","VehicleRigidBody","","Rust GEVP-aligned force solver",2,"{}"
850,20.49,4698.1,1,1.000,0.000,0.000,0.000,0.915,-0.004,51.17,51.17,75.09,75.09,0.0197,0.1374,"rust_gevp_tri_ray","",60,"GEVP_TRI_RAY","","VehicleRigidBody","","Rust GEVP-aligned force solver",2,"{}"
866,21.03,4698.1,1,1.000,0.000,0.000,0.000,0.914,-0.007,50.39,50.39,75.70,75.70,0.0193,0.1127,"rust_gevp_tri_ray","",60,"GEVP_TRI_RAY","","VehicleRigidBody","","Rust GEVP-aligned force solver",2,"{}"
883,21.57,4698.3,1,1.000,0.000,0.000,0.000,0.913,-0.010,49.68,49.68,76.22,76.22,0.0189,0.0892,"rust_gevp_tri_ray","",60,"GEVP_TRI_RAY","","VehicleRigidBody","","Rust GEVP-aligned force solver",2,"{}"
900,22.10,4698.5,1,1.000,0.000,0.000,0.000,0.912,-0.011,49.06,49.06,76.69,76.69,0.0184,0.0667,"rust_gevp_tri_ray","",60,"GEVP_TRI_RAY","","VehicleRigidBody","","Rust GEVP-aligned force solver",2,"{}"
916,22.64,4698.8,1,1.000,0.000,0.000,0.000,0.912,-0.012,48.49,48.49,77.09,77.09,0.0180,0.0452,"rust_gevp_tri_ray","",60,"GEVP_TRI_RAY","","VehicleRigidBody","","Rust GEVP-aligned force solver",2,"{}"
933,23.18,4699.0,1,1.000,0.000,0.000,0.000,0.912,-0.013,47.99,47.99,77.45,77.45,0.0177,0.0246,"rust_gevp_tri_ray","",60,"GEVP_TRI_RAY","","VehicleRigidBody","","Rust GEVP-aligned force solver",2,"{}"
950,23.62,4699.3,1,1.000,0.000,0.000,0.000,0.760,-0.013,47.55,47.55,77.78,77.78,0.0173,0.0048,"rust_gevp_tri_ray","",60,"GEVP_TRI_RAY","","VehicleRigidBody","","Rust GEVP-aligned force solver",2,"{}"
966,23.57,4704.1,1,1.000,0.000,0.000,0.000,-0.095,-0.018,47.57,47.57,77.73,77.73,0.0133,0.0002,"rust_gevp_tri_ray","",60,"GEVP_TRI_RAY","","VehicleRigidBody","","Rust GEVP-aligned force solver",2,"{}"
983,23.98,4735.4,1,1.000,0.000,0.000,0.000,0.700,-0.005,49.97,49.97,75.83,75.83,0.0075,0.0745,"rust_gevp_tri_ray","",60,"GEVP_TRI_RAY","","VehicleRigidBody","","Rust GEVP-aligned force solver",2,"{}"
1000,24.49,4743.7,1,1.000,0.000,0.000,0.000,0.865,-0.013,50.05,50.05,75.81,75.81,0.0131,0.0733,"rust_gevp_tri_ray","",60,"GEVP_TRI_RAY","","VehicleRigidBody","","Rust GEVP-aligned force solver",2,"{}"
1016,25.03,4745.8,1,1.000,0.000,0.000,0.000,0.912,-0.004,49.59,49.59,76.25,76.25,0.0157,0.0583,"rust_gevp_tri_ray","",60,"GEVP_TRI_RAY","","VehicleRigidBody","","Rust GEVP-aligned force solver",2,"{}"
1033,25.57,4746.4,1,1.000,0.000,0.000,0.000,0.923,-0.005,49.02,49.02,76.75,76.75,0.0162,0.0401,"rust_gevp_tri_ray","",60,"GEVP_TRI_RAY","","VehicleRigidBody","","Rust GEVP-aligned force solver",2,"{}"
1050,26.12,4746.7,1,1.000,0.000,0.000,0.000,0.926,-0.007,48.47,48.47,77.20,77.20,0.0161,0.0216,"rust_gevp_tri_ray","",60,"GEVP_TRI_RAY","","VehicleRigidBody","","Rust GEVP-aligned force solver",2,"{}"
1066,26.52,4747.0,1,1.000,0.000,0.000,0.000,0.688,-0.009,47.95,47.95,77.60,77.60,0.0159,0.0036,"rust_gevp_tri_ray","",60,"GEVP_TRI_RAY","","VehicleRigidBody","","Rust GEVP-aligned force solver",2,"{}"
1083,26.96,4755.8,1,1.000,0.000,0.000,0.000,0.742,-0.015,48.14,48.14,77.43,77.43,0.0104,0.0052,"rust_gevp_tri_ray","",60,"GEVP_TRI_RAY","","VehicleRigidBody","","Rust GEVP-aligned force solver",2,"{}"
1100,27.28,4763.1,1,1.000,0.000,0.000,0.000,0.548,-0.014,48.18,48.18,77.40,77.40,0.0118,0.0024,"rust_gevp_tri_ray","",60,"GEVP_TRI_RAY","","VehicleRigidBody","","Rust GEVP-aligned force solver",2,"{}"
1116,27.77,4777.8,1,1.000,0.000,0.000,0.000,0.829,-0.008,48.77,48.77,76.97,76.97,0.0073,0.0148,"rust_gevp_tri_ray","",60,"GEVP_TRI_RAY","","VehicleRigidBody","","Rust GEVP-aligned force solver",2,"{}"
1133,28.22,4782.5,1,1.000,0.000,0.000,0.000,0.771,-0.008,48.54,48.54,77.20,77.20,0.0134,0.0054,"rust_gevp_tri_ray","",60,"GEVP_TRI_RAY","","VehicleRigidBody","","Rust GEVP-aligned force solver",2,"{}"
1150,28.32,4789.3,1,1.000,0.000,0.000,0.000,0.173,-0.011,48.47,48.47,77.28,77.28,0.0117,0.0007,"rust_gevp_tri_ray","",60,"GEVP_TRI_RAY","","VehicleRigidBody","","Rust GEVP-aligned force solver",2,"{}"
1166,28.74,4820.9,1,1.000,0.000,0.000,0.000,0.717,0.001,50.06,50.06,76.04,76.04,0.0008,0.0399,"rust_gevp_tri_ray","",60,"GEVP_TRI_RAY","","VehicleRigidBody","","Rust GEVP-aligned force solver",2,"{}"
1183,29.25,4832.6,1,1.000,0.000,0.000,0.000,0.865,-0.012,50.01,50.01,76.12,76.12,0.0111,0.0379,"rust_gevp_tri_ray","",60,"GEVP_TRI_RAY","","VehicleRigidBody","","Rust GEVP-aligned force solver",2,"{}"
1200,29.79,4837.2,1,1.000,0.000,0.000,0.000,0.920,-0.005,49.54,49.54,76.54,76.54,0.0134,0.0264,"rust_gevp_tri_ray","",60,"GEVP_TRI_RAY","","VehicleRigidBody","","Rust GEVP-aligned force solver",2,"{}"
1216,30.32,4839.2,1,1.000,0.000,0.000,0.000,0.898,-0.005,48.96,48.96,77.03,77.03,0.0140,0.0118,"rust_gevp_tri_ray","",60,"GEVP_TRI_RAY","","VehicleRigidBody","","Rust GEVP-aligned force solver",2,"{}"
1233,30.17,4842.2,1,1.000,0.000,0.000,0.000,-0.263,-0.009,48.48,48.48,77.40,77.40,0.0133,0.0007,"rust_gevp_tri_ray","",60,"GEVP_TRI_RAY","","VehicleRigidBody","","Rust GEVP-aligned force solver",2,"{}"
1250,30.49,4899.7,1,1.000,0.000,0.000,0.000,0.544,-0.011,51.22,51.22,75.18,75.18,0.0096,0.0632,"rust_gevp_tri_ray","",60,"GEVP_TRI_RAY","","VehicleRigidBody","","Rust GEVP-aligned force solver",2,"{}"
1266,30.95,4925.9,1,1.000,0.000,0.000,0.000,0.782,-0.007,51.75,51.75,74.81,74.81,0.0076,0.0706,"rust_gevp_tri_ray","",60,"GEVP_TRI_RAY","","VehicleRigidBody","","Rust GEVP-aligned force solver",2,"{}"
1283,31.47,4938.3,1,1.000,0.000,0.000,0.000,0.892,-0.004,51.35,51.35,75.21,75.21,0.0114,0.0643,"rust_gevp_tri_ray","",60,"GEVP_TRI_RAY","","VehicleRigidBody","","Rust GEVP-aligned force solver",2,"{}"
1300,32.03,4944.1,1,1.000,0.000,0.000,0.000,0.943,-0.002,50.67,50.67,75.80,75.80,0.0129,0.0525,"rust_gevp_tri_ray","",60,"GEVP_TRI_RAY","","VehicleRigidBody","","Rust GEVP-aligned force solver",2,"{}"
1316,32.59,4947.0,1,1.000,0.000,0.000,0.000,0.961,-0.004,49.89,49.89,76.43,76.43,0.0135,0.0383,"rust_gevp_tri_ray","",60,"GEVP_TRI_RAY","","VehicleRigidBody","","Rust GEVP-aligned force solver",2,"{}"
1333,33.15,4948.9,1,1.000,0.000,0.000,0.000,0.947,-0.007,49.13,49.13,77.02,77.02,0.0136,0.0236,"rust_gevp_tri_ray","",60,"GEVP_TRI_RAY","","VehicleRigidBody","","Rust GEVP-aligned force solver",2,"{}"
1350,33.67,4951.7,1,1.000,0.000,0.000,0.000,0.884,-0.011,48.46,48.46,77.49,77.49,0.0131,0.0101,"rust_gevp_tri_ray","",60,"GEVP_TRI_RAY","","VehicleRigidBody","","Rust GEVP-aligned force solver",2,"{}"
1366,33.71,4958.4,1,1.000,0.000,0.000,0.000,0.068,-0.015,48.04,48.04,77.77,77.77,0.0118,0.0003,"rust_gevp_tri_ray","",60,"GEVP_TRI_RAY","","VehicleRigidBody","","Rust GEVP-aligned force solver",2,"{}"
1383,34.05,5014.4,1,1.000,0.000,0.000,0.000,0.583,-0.003,49.91,49.91,76.24,76.24,0.0027,0.0337,"rust_gevp_tri_ray","",60,"GEVP_TRI_RAY","","VehicleRigidBody","","Rust GEVP-aligned force solver",2,"{}"
1400,34.52,5043.4,1,1.000,0.000,0.000,0.000,0.796,-0.016,50.21,50.21,75.98,75.98,0.0073,0.0385,"rust_gevp_tri_ray","",60,"GEVP_TRI_RAY","","VehicleRigidBody","","Rust GEVP-aligned force solver",2,"{}"
1416,35.06,5057.8,1,1.000,0.000,0.000,0.000,0.913,-0.011,49.90,49.90,76.25,76.25,0.0104,0.0336,"rust_gevp_tri_ray","",60,"GEVP_TRI_RAY","","VehicleRigidBody","","Rust GEVP-aligned force solver",2,"{}"
1433,35.61,5064.4,1,1.000,0.000,0.000,0.000,0.936,-0.006,49.30,49.30,76.77,76.77,0.0121,0.0236,"rust_gevp_tri_ray","",60,"GEVP_TRI_RAY","","VehicleRigidBody","","Rust GEVP-aligned force solver",2,"{}"
1449,36.14,5070.1,1,1.000,0.000,0.000,0.000,0.904,-0.008,48.68,48.68,77.27,77.27,0.0121,0.0127,"rust_gevp_tri_ray","",60,"GEVP_TRI_RAY","","VehicleRigidBody","","Rust GEVP-aligned force solver",2,"{}"
1466,36.53,5078.6,1,1.000,0.000,0.000,0.000,0.663,-0.011,48.20,48.20,77.64,77.64,0.0114,0.0033,"rust_gevp_tri_ray","",60,"GEVP_TRI_RAY","","VehicleRigidBody","","Rust GEVP-aligned force solver",2,"{}"
1483,36.94,5105.4,1,1.000,0.000,0.000,0.000,0.702,-0.016,48.43,48.43,77.44,77.44,0.0073,0.0044,"rust_gevp_tri_ray","",60,"GEVP_TRI_RAY","","VehicleRigidBody","","Rust GEVP-aligned force solver",2,"{}"
1499,37.35,5129.6,1,1.000,0.000,0.000,0.000,0.690,-0.014,48.57,48.57,77.36,77.36,0.0081,0.0041,"rust_gevp_tri_ray","",60,"GEVP_TRI_RAY","","VehicleRigidBody","","Rust GEVP-aligned force solver",2,"{}"
1516,37.77,5155.3,1,1.000,0.000,0.000,0.000,0.706,-0.012,48.74,48.74,77.28,77.28,0.0078,0.0044,"rust_gevp_tri_ray","",60,"GEVP_TRI_RAY","","VehicleRigidBody","","Rust GEVP-aligned force solver",2,"{}"
1533,38.18,5180.6,1,1.000,0.000,0.000,0.000,0.698,-0.011,48.85,48.85,77.25,77.25,0.0080,0.0042,"rust_gevp_tri_ray","",60,"GEVP_TRI_RAY","","VehicleRigidBody","","Rust GEVP-aligned force solver",2,"{}"
1549,38.59,5207.7,1,1.000,0.000,0.000,0.000,0.703,-0.009,48.99,48.99,77.23,77.23,0.0078,0.0043,"rust_gevp_tri_ray","",60,"GEVP_TRI_RAY","","VehicleRigidBody","","Rust GEVP-aligned force solver",2,"{}"
1566,39.01,5235.3,1,1.000,0.000,0.000,0.000,0.703,-0.009,49.10,49.10,77.22,77.22,0.0078,0.0043,"rust_gevp_tri_ray","",60,"GEVP_TRI_RAY","","VehicleRigidBody","","Rust GEVP-aligned force solver",2,"{}"
1583,39.42,5263.9,1,1.000,0.000,0.000,0.000,0.704,-0.008,49.21,49.21,77.22,77.22,0.0077,0.0043,"rust_gevp_tri_ray","",60,"GEVP_TRI_RAY","","VehicleRigidBody","","Rust GEVP-aligned force solver",2,"{}"
1599,39.83,5293.6,1,1.000,0.000,0.000,0.000,0.706,-0.008,49.30,49.30,77.23,77.23,0.0076,0.0043,"rust_gevp_tri_ray","",60,"GEVP_TRI_RAY","","VehicleRigidBody","","Rust GEVP-aligned force solver",2,"{}"
1616,40.25,5324.2,1,1.000,0.000,0.000,0.000,0.708,-0.008,49.39,49.39,77.24,77.24,0.0076,0.0044,"rust_gevp_tri_ray","",60,"GEVP_TRI_RAY","","VehicleRigidBody","","Rust GEVP-aligned force solver",2,"{}"
1633,40.67,5355.8,1,1.000,0.000,0.000,0.000,0.710,-0.008,49.46,49.46,77.26,77.26,0.0075,0.0044,"rust_gevp_tri_ray","",60,"GEVP_TRI_RAY","","VehicleRigidBody","","Rust GEVP-aligned force solver",2,"{}"
1649,41.08,5389.2,1,1.000,0.000,0.000,0.000,0.693,-0.008,49.53,49.53,77.29,77.29,0.0075,0.0041,"rust_gevp_tri_ray","",60,"GEVP_TRI_RAY","","VehicleRigidBody","","Rust GEVP-aligned force solver",2,"{}"
1666,41.42,5429.0,1,1.000,0.000,0.000,0.000,0.585,-0.008,49.64,49.64,77.28,77.28,0.0072,0.0028,"rust_gevp_tri_ray","",60,"GEVP_TRI_RAY","","VehicleRigidBody","","Rust GEVP-aligned force solver",2,"{}"
1683,41.81,5482.8,1,1.000,0.000,0.000,0.000,0.661,-0.005,50.03,50.03,77.04,77.04,0.0055,0.0038,"rust_gevp_tri_ray","",60,"GEVP_TRI_RAY","","VehicleRigidBody","","Rust GEVP-aligned force solver",2,"{}"
1699,42.18,5529.8,1,1.000,0.000,0.000,0.000,0.635,-0.008,50.18,50.18,76.99,76.99,0.0067,0.0034,"rust_gevp_tri_ray","",60,"GEVP_TRI_RAY","","VehicleRigidBody","","Rust GEVP-aligned force solver",2,"{}"
1716,42.57,5581.3,1,1.000,0.000,0.000,0.000,0.655,-0.007,50.38,50.38,76.89,76.89,0.0062,0.0037,"rust_gevp_tri_ray","",60,"GEVP_TRI_RAY","","VehicleRigidBody","","Rust GEVP-aligned force solver",2,"{}"
1733,42.96,5632.2,1,1.000,0.000,0.000,0.000,0.661,-0.008,50.51,50.51,76.86,76.86,0.0064,0.0037,"rust_gevp_tri_ray","",60,"GEVP_TRI_RAY","","VehicleRigidBody","","Rust GEVP-aligned force solver",2,"{}"
1749,43.35,5684.0,1,1.000,0.000,0.000,0.000,0.670,-0.008,50.61,50.61,76.84,76.84,0.0065,0.0038,"rust_gevp_tri_ray","",60,"GEVP_TRI_RAY","","VehicleRigidBody","","Rust GEVP-aligned force solver",2,"{}"
1766,43.75,5736.6,1,1.000,0.000,0.000,0.000,0.680,-0.008,50.68,50.68,76.86,76.86,0.0065,0.0040,"rust_gevp_tri_ray","",60,"GEVP_TRI_RAY","","VehicleRigidBody","","Rust GEVP-aligned force solver",2,"{}"
1783,44.16,5789.8,1,1.000,0.000,0.000,0.000,0.689,-0.007,50.73,50.73,76.89,76.89,0.0066,0.0041,"rust_gevp_tri_ray","",60,"GEVP_TRI_RAY","","VehicleRigidBody","","Rust GEVP-aligned force solver",2,"{}"
1799,44.57,5843.8,1,1.000,0.000,0.000,0.000,0.697,-0.007,50.74,50.74,76.95,76.95,0.0066,0.0042,"rust_gevp_tri_ray","",60,"GEVP_TRI_RAY","","VehicleRigidBody","","Rust GEVP-aligned force solver",2,"{}"
1816,44.98,5898.6,1,1.000,0.000,0.000,0.000,0.706,-0.007,50.74,50.74,77.02,77.02,0.0067,0.0044,"rust_gevp_tri_ray","",60,"GEVP_TRI_RAY","","VehicleRigidBody","","Rust GEVP-aligned force solver",2,"{}"
1833,45.40,5954.2,1,1.000,0.000,0.000,0.000,0.716,-0.007,50.72,50.72,77.10,77.10,0.0068,0.0045,"rust_gevp_tri_ray","",60,"GEVP_TRI_RAY","","VehicleRigidBody","","Rust GEVP-aligned force solver",2,"{}"
1849,45.83,6010.6,1,1.000,0.000,0.000,0.000,0.725,-0.007,50.67,50.67,77.20,77.20,0.0068,0.0047,"rust_gevp_tri_ray","",60,"GEVP_TRI_RAY","","VehicleRigidBody","","Rust GEVP-aligned force solver",2,"{}"
1866,46.26,6067.7,1,1.000,0.000,0.000,0.000,0.734,-0.008,50.60,50.60,77.31,77.31,0.0069,0.0049,"rust_gevp_tri_ray","",60,"GEVP_TRI_RAY","","VehicleRigidBody","","Rust GEVP-aligned force solver",2,"{}"
1883,46.70,6125.8,1,1.000,0.000,0.000,0.000,0.744,-0.008,50.51,50.51,77.43,77.43,0.0069,0.0051,"rust_gevp_tri_ray","",60,"GEVP_TRI_RAY","","VehicleRigidBody","","Rust GEVP-aligned force solver",2,"{}"
1899,47.14,6184.6,1,1.000,0.000,0.000,0.000,0.753,-0.008,50.41,50.41,77.56,77.56,0.0070,0.0053,"rust_gevp_tri_ray","",60,"GEVP_TRI_RAY","","VehicleRigidBody","","Rust GEVP-aligned force solver",2,"{}"
1916,47.59,6244.4,1,1.000,0.000,0.000,0.000,0.763,-0.008,50.29,50.29,77.70,77.70,0.0070,0.0055,"rust_gevp_tri_ray","",60,"GEVP_TRI_RAY","","VehicleRigidBody","","Rust GEVP-aligned force solver",2,"{}"
1933,48.05,6305.0,1,1.000,0.000,0.000,0.000,0.772,-0.009,50.16,50.16,77.85,77.85,0.0071,0.0058,"rust_gevp_tri_ray","",60,"GEVP_TRI_RAY","","VehicleRigidBody","","Rust GEVP-aligned force solver",2,"{}"
1949,48.51,6366.6,1,1.000,0.000,0.000,0.000,0.782,-0.009,50.01,50.01,78.00,78.00,0.0071,0.0061,"rust_gevp_tri_ray","",60,"GEVP_TRI_RAY","","VehicleRigidBody","","Rust GEVP-aligned force solver",2,"{}"
1966,48.97,6429.1,1,1.000,0.000,0.000,0.000,0.791,-0.009,49.86,49.86,78.16,78.16,0.0072,0.0064,"rust_gevp_tri_ray","",60,"GEVP_TRI_RAY","","VehicleRigidBody","","Rust GEVP-aligned force solver",2,"{}"
1983,49.44,6492.6,1,1.000,0.000,0.000,0.000,0.801,-0.010,49.69,49.69,78.33,78.33,0.0072,0.0067,"rust_gevp_tri_ray","",60,"GEVP_TRI_RAY","","VehicleRigidBody","","Rust GEVP-aligned force solver",2,"{}"
1999,49.92,6557.1,1,1.000,0.000,0.000,0.000,0.810,-0.010,49.52,49.52,78.50,78.50,0.0073,0.0071,"rust_gevp_tri_ray","",60,"GEVP_TRI_RAY","","VehicleRigidBody","","Rust GEVP-aligned force solver",2,"{}"
2016,50.40,6622.6,1,1.000,0.000,0.000,0.000,0.819,-0.010,49.35,49.35,78.68,78.68,0.0073,0.0075,"rust_gevp_tri_ray","",60,"GEVP_TRI_RAY","","VehicleRigidBody","","Rust GEVP-aligned force solver",2,"{}"
2033,50.89,6689.3,1,1.000,0.000,0.000,0.000,0.829,-0.011,49.16,49.16,78.86,78.86,0.0074,0.0079,"rust_gevp_tri_ray","",60,"GEVP_TRI_RAY","","VehicleRigidBody","","Rust GEVP-aligned force solver",2,"{}"
2049,51.38,6757.0,1,1.000,0.000,0.000,0.000,0.838,-0.011,48.98,48.98,79.05,79.05,0.0074,0.0084,"rust_gevp_tri_ray","",60,"GEVP_TRI_RAY","","VehicleRigidBody","","Rust GEVP-aligned force solver",2,"{}"
2066,51.88,6825.9,1,1.000,0.000,0.000,0.000,0.847,-0.011,48.79,48.79,79.24,79.24,0.0074,0.0089,"rust_gevp_tri_ray","",60,"GEVP_TRI_RAY","","VehicleRigidBody","","Rust GEVP-aligned force solver",2,"{}"
2083,52.38,6896.0,1,1.000,0.000,0.000,0.000,0.856,-0.012,48.59,48.59,79.43,79.43,0.0075,0.0095,"rust_gevp_tri_ray","",60,"GEVP_TRI_RAY","","VehicleRigidBody","","Rust GEVP-aligned force solver",2,"{}"
2099,52.89,6967.4,1,1.000,0.000,0.000,0.000,0.864,-0.012,48.40,48.40,79.62,79.62,0.0075,0.0102,"rust_gevp_tri_ray","",60,"GEVP_TRI_RAY","","VehicleRigidBody","","Rust GEVP-aligned force solver",2,"{}"
2116,53.41,7040.1,1,1.000,0.000,0.000,0.000,0.873,-0.012,48.21,48.21,79.82,79.82,0.0075,0.0109,"rust_gevp_tri_ray","",60,"GEVP_TRI_RAY","","VehicleRigidBody","","Rust GEVP-aligned force solver",2,"{}"
2133,53.93,7114.2,1,1.000,0.000,0.000,0.000,0.881,-0.013,48.02,48.02,80.02,80.02,0.0075,0.0117,"rust_gevp_tri_ray","",60,"GEVP_TRI_RAY","","VehicleRigidBody","","Rust GEVP-aligned force solver",2,"{}"
2149,54.45,7189.8,1,1.000,0.000,0.000,0.000,0.889,-0.013,47.83,47.83,80.22,80.22,0.0076,0.0126,"rust_gevp_tri_ray","",60,"GEVP_TRI_RAY","","VehicleRigidBody","","Rust GEVP-aligned force solver",2,"{}"
2166,54.98,7266.9,1,1.000,0.000,0.000,0.000,0.896,-0.013,47.64,47.64,80.42,80.42,0.0076,0.0137,"rust_gevp_tri_ray","",60,"GEVP_TRI_RAY","","VehicleRigidBody","","Rust GEVP-aligned force solver",2,"{}"
2183,55.51,7345.6,1,1.000,0.000,0.000,0.000,0.903,-0.013,47.46,47.46,80.63,80.63,0.0076,0.0148,"rust_gevp_tri_ray","",60,"GEVP_TRI_RAY","","VehicleRigidBody","","Rust GEVP-aligned force solver",2,"{}"
2199,56.04,7426.1,1,1.000,0.000,0.000,0.000,0.910,-0.014,47.29,47.29,80.83,80.83,0.0076,0.0160,"rust_gevp_tri_ray","",60,"GEVP_TRI_RAY","","VehicleRigidBody","","Rust GEVP-aligned force solver",2,"{}"
2216,56.58,7508.3,1,1.000,0.000,0.000,0.000,0.916,-0.014,47.12,47.12,81.03,81.03,0.0076,0.0174,"rust_gevp_tri_ray","",60,"GEVP_TRI_RAY","","VehicleRigidBody","","Rust GEVP-aligned force solver",2,"{}"
2233,57.12,7592.2,1,1.000,0.000,0.000,0.000,0.922,-0.014,46.96,46.96,81.23,81.23,0.0076,0.0189,"rust_gevp_tri_ray","",60,"GEVP_TRI_RAY","","VehicleRigidBody","","Rust GEVP-aligned force solver",2,"{}"
2249,57.67,7677.8,1,1.000,0.000,0.000,0.000,0.928,-0.014,46.80,46.80,81.43,81.43,0.0076,0.0205,"rust_gevp_tri_ray","",60,"GEVP_TRI_RAY","","VehicleRigidBody","","Rust GEVP-aligned force solver",2,"{}"
2266,58.22,7765.2,1,1.000,0.000,0.000,0.000,0.933,-0.015,46.66,46.66,81.63,81.63,0.0075,0.0223,"rust_gevp_tri_ray","",60,"GEVP_TRI_RAY","","VehicleRigidBody","","Rust GEVP-aligned force solver",2,"{}"
2283,58.77,7854.3,1,1.000,0.000,0.000,0.000,0.937,-0.015,46.52,46.52,81.82,81.82,0.0075,0.0241,"rust_gevp_tri_ray","",60,"GEVP_TRI_RAY","","VehicleRigidBody","","Rust GEVP-aligned force solver",2,"{}"
2299,59.32,7945.4,1,1.000,0.000,0.000,0.000,0.941,-0.015,46.40,46.40,82.02,82.02,0.0075,0.0262,"rust_gevp_tri_ray","",60,"GEVP_TRI_RAY","","VehicleRigidBody","","Rust GEVP-aligned force solver",2,"{}"
2316,59.88,8038.4,1,1.000,0.000,0.000,0.000,0.946,-0.015,46.28,46.28,82.21,82.21,0.0075,0.0283,"rust_gevp_tri_ray","",60,"GEVP_TRI_RAY","","VehicleRigidBody","","Rust GEVP-aligned force solver",2,"{}"
2333,60.44,8133.4,1,1.000,0.000,0.000,0.000,0.949,-0.015,46.18,46.18,82.39,82.39,0.0074,0.0307,"rust_gevp_tri_ray","",60,"GEVP_TRI_RAY","","VehicleRigidBody","","Rust GEVP-aligned force solver",2,"{}"
2349,61.00,8230.6,1,1.000,0.000,0.000,0.000,0.953,-0.016,46.08,46.08,82.58,82.58,0.0074,0.0332,"rust_gevp_tri_ray","",60,"GEVP_TRI_RAY","","VehicleRigidBody","","Rust GEVP-aligned force solver",2,"{}"
2366,61.56,8330.0,1,1.000,0.000,0.000,0.000,0.956,-0.016,46.00,46.00,82.76,82.76,0.0074,0.0359,"rust_gevp_tri_ray","",60,"GEVP_TRI_RAY","","VehicleRigidBody","","Rust GEVP-aligned force solver",2,"{}"
2383,62.13,8431.6,1,1.000,0.000,0.000,0.000,0.959,-0.016,45.93,45.93,82.94,82.94,0.0073,0.0387,"rust_gevp_tri_ray","",60,"GEVP_TRI_RAY","","VehicleRigidBody","","Rust GEVP-aligned force solver",2,"{}"
2399,62.69,8535.6,1,1.000,0.000,0.000,0.000,0.962,-0.016,45.86,45.86,83.12,83.12,0.0073,0.0418,"rust_gevp_tri_ray","",60,"GEVP_TRI_RAY","","VehicleRigidBody","","Rust GEVP-aligned force solver",2,"{}"
2416,63.26,8642.0,1,1.000,0.000,0.000,0.000,0.965,-0.016,45.81,45.81,83.30,83.30,0.0073,0.0450,"rust_gevp_tri_ray","",60,"GEVP_TRI_RAY","","VehicleRigidBody","","Rust GEVP-aligned force solver",2,"{}"
2433,63.83,8750.9,1,1.000,0.000,0.000,0.000,0.968,-0.016,45.77,45.77,83.48,83.48,0.0072,0.0485,"rust_gevp_tri_ray","",60,"GEVP_TRI_RAY","","VehicleRigidBody","","Rust GEVP-aligned force solver",2,"{}"
2449,64.40,8862.4,1,1.000,0.000,0.000,0.000,0.970,-0.016,45.73,45.73,83.66,83.66,0.0072,0.0521,"rust_gevp_tri_ray","",60,"GEVP_TRI_RAY","","VehicleRigidBody","","Rust GEVP-aligned force solver",2,"{}"
2466,64.97,8976.5,1,1.000,0.000,0.000,0.000,0.973,-0.016,45.71,45.71,83.83,83.83,0.0071,0.0560,"rust_gevp_tri_ray","",60,"GEVP_TRI_RAY","","VehicleRigidBody","","Rust GEVP-aligned force solver",2,"{}"
2483,65.55,9093.4,1,1.000,0.000,0.000,0.000,0.975,-0.016,45.69,45.69,84.00,84.00,0.0071,0.0601,"rust_gevp_tri_ray","",60,"GEVP_TRI_RAY","","VehicleRigidBody","","Rust GEVP-aligned force solver",2,"{}"
2499,66.12,9213.1,1,1.000,0.000,0.000,0.000,0.978,-0.017,45.68,45.68,84.18,84.18,0.0070,0.0644,"rust_gevp_tri_ray","",60,"GEVP_TRI_RAY","","VehicleRigidBody","","Rust GEVP-aligned force solver",2,"{}"
2516,66.70,9335.7,1,1.000,0.000,0.000,0.000,0.980,-0.017,45.68,45.68,84.35,84.35,0.0070,0.0689,"rust_gevp_tri_ray","",60,"GEVP_TRI_RAY","","VehicleRigidBody","","Rust GEVP-aligned force solver",2,"{}"
2533,67.28,9461.3,1,1.000,0.000,0.000,0.000,0.982,-0.017,45.69,45.69,84.52,84.52,0.0070,0.0736,"rust_gevp_tri_ray","",60,"GEVP_TRI_RAY","","VehicleRigidBody","","Rust GEVP-aligned force solver",2,"{}"
2549,67.86,9589.9,1,1.000,0.000,0.000,0.000,0.984,-0.017,45.70,45.70,84.70,84.70,0.0069,0.0786,"rust_gevp_tri_ray","",60,"GEVP_TRI_RAY","","VehicleRigidBody","","Rust GEVP-aligned force solver",2,"{}"
2566,68.44,9721.7,1,1.000,0.000,0.000,0.000,0.986,-0.017,45.72,45.72,84.87,84.87,0.0069,0.0838,"rust_gevp_tri_ray","",60,"GEVP_TRI_RAY","","VehicleRigidBody","","Rust GEVP-aligned force solver",2,"{}"
2583,69.02,9856.8,1,1.000,0.000,0.000,0.000,0.989,-0.017,45.75,45.75,85.05,85.05,0.0068,0.0893,"rust_gevp_tri_ray","",60,"GEVP_TRI_RAY","","VehicleRigidBody","","Rust GEVP-aligned force solver",2,"{}"
2599,69.60,9995.1,1,1.000,0.000,0.000,0.000,0.991,-0.017,45.78,45.78,85.22,85.22,0.0068,0.0949,"rust_gevp_tri_ray","",60,"GEVP_TRI_RAY","","VehicleRigidBody","","Rust GEVP-aligned force solver",2,"{}"
2616,70.19,10136.9,1,1.000,0.000,0.000,0.000,0.993,-0.017,45.81,45.81,85.40,85.40,0.0067,0.1009,"rust_gevp_tri_ray","",60,"GEVP_TRI_RAY","","VehicleRigidBody","","Rust GEVP-aligned force solver",2,"{}"
2633,70.77,10282.2,1,1.000,0.000,0.000,0.000,0.995,-0.017,45.85,45.85,85.57,85.57,0.0067,0.1070,"rust_gevp_tri_ray","",60,"GEVP_TRI_RAY","","VehicleRigidBody","","Rust GEVP-aligned force solver",2,"{}"
2649,71.36,10431.1,1,1.000,0.000,0.000,0.000,0.997,-0.017,45.90,45.90,85.75,85.75,0.0066,0.1135,"rust_gevp_tri_ray","",60,"GEVP_TRI_RAY","","VehicleRigidBody","","Rust GEVP-aligned force solver",2,"{}"
2666,71.95,10583.7,1,1.000,0.000,0.000,0.000,0.999,-0.017,45.95,45.95,85.93,85.93,0.0066,0.1201,"rust_gevp_tri_ray","",60,"GEVP_TRI_RAY","","VehicleRigidBody","","Rust GEVP-aligned force solver",2,"{}"
2683,72.54,10739.5,1,1.000,0.000,0.000,0.000,1.000,-0.017,46.01,46.01,86.11,86.11,0.0066,0.1270,"rust_gevp_tri_ray","",60,"GEVP_TRI_RAY","","VehicleRigidBody","","Rust GEVP-aligned force solver",2,"{}"
2699,73.13,10897.3,1,1.000,0.000,0.000,0.000,1.002,-0.017,46.07,46.07,86.29,86.29,0.0065,0.1339,"rust_gevp_tri_ray","",60,"GEVP_TRI_RAY","","VehicleRigidBody","","Rust GEVP-aligned force solver",2,"{}"
2716,73.72,11056.9,1,1.000,0.000,0.000,0.000,1.004,-0.017,46.13,46.13,86.47,86.47,0.0065,0.1408,"rust_gevp_tri_ray","",60,"GEVP_TRI_RAY","","VehicleRigidBody","","Rust GEVP-aligned force solver",2,"{}"
2733,74.31,11218.2,1,1.000,0.000,0.000,0.000,1.006,-0.017,46.20,46.20,86.66,86.66,0.0064,0.1477,"rust_gevp_tri_ray","",60,"GEVP_TRI_RAY","","VehicleRigidBody","","Rust GEVP-aligned force solver",2,"{}"
2749,74.90,11381.4,1,1.000,0.000,0.000,0.000,1.008,-0.017,46.28,46.28,86.85,86.85,0.0064,0.1547,"rust_gevp_tri_ray","",60,"GEVP_TRI_RAY","","VehicleRigidBody","","Rust GEVP-aligned force solver",2,"{}"
2766,75.50,11546.3,1,1.000,0.000,0.000,0.000,1.010,-0.018,46.35,46.35,87.03,87.03,0.0064,0.1617,"rust_gevp_tri_ray","",60,"GEVP_TRI_RAY","","VehicleRigidBody","","Rust GEVP-aligned force solver",2,"{}"
2783,76.09,11713.1,1,1.000,0.000,0.000,0.000,1.012,-0.018,46.44,46.44,87.22,87.22,0.0063,0.1688,"rust_gevp_tri_ray","",60,"GEVP_TRI_RAY","","VehicleRigidBody","","Rust GEVP-aligned force solver",2,"{}"
2799,76.69,11881.8,1,1.000,0.000,0.000,0.000,1.014,-0.018,46.52,46.52,87.42,87.42,0.0063,0.1759,"rust_gevp_tri_ray","",60,"GEVP_TRI_RAY","","VehicleRigidBody","","Rust GEVP-aligned force solver",2,"{}"
2816,77.29,12052.3,1,1.000,0.000,0.000,0.000,1.016,-0.018,46.61,46.61,87.61,87.61,0.0062,0.1831,"rust_gevp_tri_ray","",60,"GEVP_TRI_RAY","","VehicleRigidBody","","Rust GEVP-aligned force solver",2,"{}"
2833,77.89,12224.7,1,1.000,0.000,0.000,0.000,1.018,-0.018,46.70,46.70,87.81,87.81,0.0062,0.1903,"rust_gevp_tri_ray","",60,"GEVP_TRI_RAY","","VehicleRigidBody","","Rust GEVP-aligned force solver",2,"{}"
2849,78.49,12399.0,1,1.000,0.000,0.000,0.000,1.020,-0.018,46.80,46.80,88.00,88.00,0.0062,0.1976,"rust_gevp_tri_ray","",60,"GEVP_TRI_RAY","","VehicleRigidBody","","Rust GEVP-aligned force solver",2,"{}"
2866,79.09,12575.3,1,1.000,0.000,0.000,0.000,1.022,-0.018,46.90,46.90,88.20,88.20,0.0061,0.2050,"rust_gevp_tri_ray","",60,"GEVP_TRI_RAY","","VehicleRigidBody","","Rust GEVP-aligned force solver",2,"{}"
2883,79.69,12753.5,1,1.000,0.000,0.000,0.000,1.024,-0.018,47.00,47.00,88.41,88.41,0.0061,0.2123,"rust_gevp_tri_ray","",60,"GEVP_TRI_RAY","","VehicleRigidBody","","Rust GEVP-aligned force solver",2,"{}"
2899,80.29,12933.8,1,1.000,0.000,0.000,0.000,1.026,-0.018,47.11,47.11,88.61,88.61,0.0060,0.2198,"rust_gevp_tri_ray","",60,"GEVP_TRI_RAY","","VehicleRigidBody","","Rust GEVP-aligned force solver",2,"{}"
2916,80.90,13116.0,1,1.000,0.000,0.000,0.000,1.028,-0.018,47.22,47.22,88.82,88.82,0.0060,0.2273,"rust_gevp_tri_ray","",60,"GEVP_TRI_RAY","","VehicleRigidBody","","Rust GEVP-aligned force solver",2,"{}"
2933,81.50,13300.3,1,1.000,0.000,0.000,0.000,1.030,-0.018,47.33,47.33,89.03,89.03,0.0060,0.2349,"rust_gevp_tri_ray","",60,"GEVP_TRI_RAY","","VehicleRigidBody","","Rust GEVP-aligned force solver",2,"{}"
2949,82.11,13486.6,1,1.000,0.000,0.000,0.000,1.032,-0.018,47.44,47.44,89.24,89.24,0.0059,0.2425,"rust_gevp_tri_ray","",60,"GEVP_TRI_RAY","","VehicleRigidBody","","Rust GEVP-aligned force solver",2,"{}"
2966,82.72,13674.5,1,1.000,0.000,0.000,0.000,1.034,-0.018,47.56,47.56,89.45,89.45,0.0059,0.2501,"rust_gevp_tri_ray","",60,"GEVP_TRI_RAY","","VehicleRigidBody","","Rust GEVP-aligned force solver",2,"{}"
2983,83.33,13862.7,1,1.000,0.000,0.000,0.000,1.036,-0.018,47.68,47.68,89.67,89.67,0.0059,0.2576,"rust_gevp_tri_ray","",60,"GEVP_TRI_RAY","","VehicleRigidBody","","Rust GEVP-aligned force solver",2,"{}"
2999,83.94,14051.1,1,1.000,0.000,0.000,0.000,1.038,-0.018,47.80,47.80,89.89,89.89,0.0058,0.2649,"rust_gevp_tri_ray","",60,"GEVP_TRI_RAY","","VehicleRigidBody","","Rust GEVP-aligned force solver",2,"{}"
3016,84.55,14239.8,1,1.000,0.000,0.000,0.000,1.040,-0.018,47.93,47.93,90.11,90.11,0.0058,0.2721,"rust_gevp_tri_ray","",60,"GEVP_TRI_RAY","","VehicleRigidBody","","Rust GEVP-aligned force solver",2,"{}"
3033,85.17,14428.5,1,1.000,0.000,0.000,0.000,1.042,-0.018,48.05,48.05,90.33,90.33,0.0058,0.2793,"rust_gevp_tri_ray","",60,"GEVP_TRI_RAY","","VehicleRigidBody","","Rust GEVP-aligned force solver",2,"{}"
3049,85.78,14617.5,1,1.000,0.000,0.000,0.000,1.044,-0.018,48.18,48.18,90.55,90.55,0.0057,0.2863,"rust_gevp_tri_ray","",60,"GEVP_TRI_RAY","","VehicleRigidBody","","Rust GEVP-aligned force solver",2,"{}"
3066,86.40,14806.6,1,1.000,0.000,0.000,0.000,1.047,-0.019,48.31,48.31,90.78,90.78,0.0057,0.2932,"rust_gevp_tri_ray","",60,"GEVP_TRI_RAY","","VehicleRigidBody","","Rust GEVP-aligned force solver",2,"{}"
3083,87.01,14995.9,1,1.000,0.000,0.000,0.000,1.049,-0.019,48.45,48.45,91.01,91.01,0.0057,0.3000,"rust_gevp_tri_ray","",60,"GEVP_TRI_RAY","","VehicleRigidBody","","Rust GEVP-aligned force solver",2,"{}"
3099,87.63,15184.8,1,1.000,0.000,0.000,0.000,1.051,-0.019,48.58,48.58,91.24,91.24,0.0056,0.3067,"rust_gevp_tri_ray","",60,"GEVP_TRI_RAY","","VehicleRigidBody","","Rust GEVP-aligned force solver",2,"{}"
3116,88.25,15371.4,1,1.000,0.000,0.000,0.000,1.053,-0.019,48.72,48.72,91.47,91.47,0.0056,0.3130,"rust_gevp_tri_ray","",60,"GEVP_TRI_RAY","","VehicleRigidBody","","Rust GEVP-aligned force solver",2,"{}"
3133,88.87,15555.5,1,1.000,0.000,0.000,0.000,1.055,-0.019,48.86,48.86,91.71,91.71,0.0056,0.3189,"rust_gevp_tri_ray","",60,"GEVP_TRI_RAY","","VehicleRigidBody","","Rust GEVP-aligned force solver",2,"{}"
3149,89.49,15737.0,1,1.000,0.000,0.000,0.000,1.057,-0.019,49.00,49.00,91.94,91.94,0.0055,0.3245,"rust_gevp_tri_ray","",60,"GEVP_TRI_RAY","","VehicleRigidBody","","Rust GEVP-aligned force solver",2,"{}"
3166,90.12,15737.0,1,1.000,0.000,0.000,0.000,1.059,-0.019,49.15,49.15,92.18,92.18,0.0055,0.2854,"rust_gevp_tri_ray","",60,"GEVP_TRI_RAY","","VehicleRigidBody","","Rust GEVP-aligned force solver",2,"{}"
3183,90.74,15737.0,1,1.000,0.000,0.000,0.000,1.060,-0.019,49.29,49.29,92.42,92.42,0.0055,0.2466,"rust_gevp_tri_ray","",60,"GEVP_TRI_RAY","","VehicleRigidBody","","Rust GEVP-aligned force solver",2,"{}"
3199,91.30,15737.0,1,1.000,0.000,0.000,0.000,0.949,-0.019,49.44,49.44,92.65,92.65,0.0054,0.2084,"rust_gevp_tri_ray","",60,"GEVP_TRI_RAY","","VehicleRigidBody","","Rust GEVP-aligned force solver",2,"{}"
3216,91.76,15737.0,1,1.000,0.000,0.000,0.000,0.783,-0.019,49.89,49.89,92.65,92.65,0.0046,0.1743,"rust_gevp_tri_ray","",60,"GEVP_TRI_RAY","","VehicleRigidBody","","Rust GEVP-aligned force solver",2,"{}"
3233,92.14,15737.0,1,1.000,0.000,0.000,0.000,0.646,-0.014,50.75,50.75,92.35,92.35,0.0034,0.1461,"rust_gevp_tri_ray","",60,"GEVP_TRI_RAY","","VehicleRigidBody","","Rust GEVP-aligned force solver",2,"{}"
3249,92.45,15737.0,1,1.000,0.000,0.000,0.000,0.531,-0.010,51.91,51.91,91.81,91.81,0.0025,0.1227,"rust_gevp_tri_ray","",60,"GEVP_TRI_RAY","","VehicleRigidBody","","Rust GEVP-aligned force solver",2,"{}"
3266,92.71,15737.0,1,1.000,0.000,0.000,0.000,0.435,-0.008,53.29,53.29,91.11,91.11,0.0017,0.1032,"rust_gevp_tri_ray","",60,"GEVP_TRI_RAY","","VehicleRigidBody","","Rust GEVP-aligned force solver",2,"{}"
3283,92.92,15737.0,1,1.000,0.000,0.000,0.000,0.354,-0.006,54.80,54.80,90.31,90.31,0.0011,0.0870,"rust_gevp_tri_ray","",60,"GEVP_TRI_RAY","","VehicleRigidBody","","Rust GEVP-aligned force solver",2,"{}"
3299,93.46,10933.9,2,1.000,0.000,0.000,0.000,0.912,-0.004,56.39,56.39,89.44,89.44,0.0005,0.1145,"rust_gevp_tri_ray","",60,"GEVP_TRI_RAY","","VehicleRigidBody","","Rust GEVP-aligned force solver",2,"{}"
3316,94.07,11049.9,2,1.000,0.000,0.000,0.000,1.046,-0.011,56.34,56.34,89.88,89.88,0.0043,0.1268,"rust_gevp_tri_ray","",60,"GEVP_TRI_RAY","","VehicleRigidBody","","Rust GEVP-aligned force solver",2,"{}"
3333,94.71,11163.9,2,1.000,0.000,0.000,0.000,1.080,-0.007,55.98,55.98,90.56,90.56,0.0051,0.1338,"rust_gevp_tri_ray","",60,"GEVP_TRI_RAY","","VehicleRigidBody","","Rust GEVP-aligned force solver",2,"{}"
3349,95.35,11281.1,2,1.000,0.000,0.000,0.000,1.087,-0.009,55.55,55.55,91.24,91.24,0.0053,0.1389,"rust_gevp_tri_ray","",60,"GEVP_TRI_RAY","","VehicleRigidBody","","Rust GEVP-aligned force solver",2,"{}"
3366,95.99,11401.2,2,1.000,0.000,0.000,0.000,1.087,-0.013,55.16,55.16,91.87,91.87,0.0053,0.1435,"rust_gevp_tri_ray","",60,"GEVP_TRI_RAY","","VehicleRigidBody","","Rust GEVP-aligned force solver",2,"{}"
3383,96.62,11523.4,2,1.000,0.000,0.000,0.000,1.086,-0.015,54.81,54.81,92.44,92.44,0.0052,0.1479,"rust_gevp_tri_ray","",60,"GEVP_TRI_RAY","","VehicleRigidBody","","Rust GEVP-aligned force solver",2,"{}"
3399,97.26,11647.5,2,1.000,0.000,0.000,0.000,1.085,-0.017,54.51,54.51,92.96,92.96,0.0052,0.1524,"rust_gevp_tri_ray","",60,"GEVP_TRI_RAY","","VehicleRigidBody","","Rust GEVP-aligned force solver",2,"{}"
3416,97.90,11773.2,2,1.000,0.000,0.000,0.000,1.085,-0.018,54.27,54.27,93.43,93.43,0.0051,0.1569,"rust_gevp_tri_ray","",60,"GEVP_TRI_RAY","","VehicleRigidBody","","Rust GEVP-aligned force solver",2,"{}"
3433,98.54,11900.4,2,1.000,0.000,0.000,0.000,1.086,-0.019,54.07,54.07,93.87,93.87,0.0051,0.1615,"rust_gevp_tri_ray","",60,"GEVP_TRI_RAY","","VehicleRigidBody","","Rust GEVP-aligned force solver",2,"{}"
3449,99.18,12029.0,2,1.000,0.000,0.000,0.000,1.086,-0.019,53.92,53.92,94.29,94.29,0.0051,0.1662,"rust_gevp_tri_ray","",60,"GEVP_TRI_RAY","","VehicleRigidBody","","Rust GEVP-aligned force solver",2,"{}"
3466,99.82,12158.9,2,1.000,0.000,0.000,0.000,1.087,-0.020,53.80,53.80,94.68,94.68,0.0050,0.1709,"rust_gevp_tri_ray","",60,"GEVP_TRI_RAY","","VehicleRigidBody","","Rust GEVP-aligned force solver",2,"{}"
3483,100.46,12290.2,2,1.000,0.000,0.000,0.000,1.089,-0.020,53.71,53.71,95.05,95.05,0.0050,0.1757,"rust_gevp_tri_ray","",60,"GEVP_TRI_RAY","","VehicleRigidBody","","Rust GEVP-aligned force solver",2,"{}"
3499,101.10,12422.8,2,1.000,0.000,0.000,0.000,1.090,-0.020,53.66,53.66,95.41,95.41,0.0050,0.1805,"rust_gevp_tri_ray","",60,"GEVP_TRI_RAY","","VehicleRigidBody","","Rust GEVP-aligned force solver",2,"{}"
3516,101.74,12556.8,2,1.000,0.000,0.000,0.000,1.091,-0.020,53.63,53.63,95.75,95.75,0.0049,0.1854,"rust_gevp_tri_ray","",60,"GEVP_TRI_RAY","","VehicleRigidBody","","Rust GEVP-aligned force solver",2,"{}"
3533,102.39,12692.1,2,1.000,0.000,0.000,0.000,1.093,-0.020,53.62,53.62,96.08,96.08,0.0049,0.1904,"rust_gevp_tri_ray","",60,"GEVP_TRI_RAY","","VehicleRigidBody","","Rust GEVP-aligned force solver",2,"{}"
3549,103.03,12828.8,2,1.000,0.000,0.000,0.000,1.094,-0.019,53.63,53.63,96.40,96.40,0.0049,0.1954,"rust_gevp_tri_ray","",60,"GEVP_TRI_RAY","","VehicleRigidBody","","Rust GEVP-aligned force solver",2,"{}"
3566,103.68,12967.0,2,1.000,0.000,0.000,0.000,1.096,-0.019,53.65,53.65,96.70,96.70,0.0048,0.2005,"rust_gevp_tri_ray","",60,"GEVP_TRI_RAY","","VehicleRigidBody","","Rust GEVP-aligned force solver",2,"{}"
3583,104.32,13106.5,2,1.000,0.000,0.000,0.000,1.097,-0.019,53.69,53.69,97.00,97.00,0.0048,0.2056,"rust_gevp_tri_ray","",60,"GEVP_TRI_RAY","","VehicleRigidBody","","Rust GEVP-aligned force solver",2,"{}"
3599,104.97,13247.4,2,1.000,0.000,0.000,0.000,1.099,-0.019,53.74,53.74,97.29,97.29,0.0048,0.2107,"rust_gevp_tri_ray","",60,"GEVP_TRI_RAY","","VehicleRigidBody","","Rust GEVP-aligned force solver",2,"{}"
3616,105.62,13389.7,2,1.000,0.000,0.000,0.000,1.100,-0.019,53.80,53.80,97.58,97.58,0.0047,0.2160,"rust_gevp_tri_ray","",60,"GEVP_TRI_RAY","","VehicleRigidBody","","Rust GEVP-aligned force solver",2,"{}"
3633,106.26,13533.5,2,1.000,0.000,0.000,0.000,1.101,-0.019,53.87,53.87,97.86,97.86,0.0047,0.2212,"rust_gevp_tri_ray","",60,"GEVP_TRI_RAY","","VehicleRigidBody","","Rust GEVP-aligned force solver",2,"{}"
3649,106.91,13677.9,2,1.000,0.000,0.000,0.000,1.103,-0.020,53.94,53.94,98.13,98.13,0.0047,0.2264,"rust_gevp_tri_ray","",60,"GEVP_TRI_RAY","","VehicleRigidBody","","Rust GEVP-aligned force solver",2,"{}"
3666,107.56,13822.4,2,1.000,0.000,0.000,0.000,1.104,-0.020,54.03,54.03,98.39,98.39,0.0047,0.2316,"rust_gevp_tri_ray","",60,"GEVP_TRI_RAY","","VehicleRigidBody","","Rust GEVP-aligned force solver",2,"{}"
3683,108.21,13967.0,2,1.000,0.000,0.000,0.000,1.106,-0.020,54.12,54.12,98.66,98.66,0.0046,0.2366,"rust_gevp_tri_ray","",60,"GEVP_TRI_RAY","","VehicleRigidBody","","Rust GEVP-aligned force solver",2,"{}"
3699,108.86,14111.6,2,1.000,0.000,0.000,0.000,1.107,-0.020,54.21,54.21,98.92,98.92,0.0046,0.2416,"rust_gevp_tri_ray","",60,"GEVP_TRI_RAY","","VehicleRigidBody","","Rust GEVP-aligned force solver",2,"{}"
3716,109.52,14256.3,2,1.000,0.000,0.000,0.000,1.109,-0.020,54.32,54.32,99.17,99.17,0.0046,0.2465,"rust_gevp_tri_ray","",60,"GEVP_TRI_RAY","","VehicleRigidBody","","Rust GEVP-aligned force solver",2,"{}"
3733,110.17,14400.9,2,1.000,0.000,0.000,0.000,1.110,-0.020,54.42,54.42,99.42,99.42,0.0045,0.2513,"rust_gevp_tri_ray","",60,"GEVP_TRI_RAY","","VehicleRigidBody","","Rust GEVP-aligned force solver",2,"{}"
3749,110.82,14545.5,2,1.000,0.000,0.000,0.000,1.112,-0.020,54.54,54.54,99.67,99.67,0.0045,0.2561,"rust_gevp_tri_ray","",60,"GEVP_TRI_RAY","","VehicleRigidBody","","Rust GEVP-aligned force solver",2,"{}"
3766,111.48,14690.2,2,1.000,0.000,0.000,0.000,1.113,-0.020,54.65,54.65,99.92,99.92,0.0045,0.2608,"rust_gevp_tri_ray","",60,"GEVP_TRI_RAY","","VehicleRigidBody","","Rust GEVP-aligned force solver",2,"{}"
3783,112.14,14834.8,2,1.000,0.000,0.000,0.000,1.115,-0.021,54.77,54.77,100.17,100.17,0.0045,0.2655,"rust_gevp_tri_ray","",60,"GEVP_TRI_RAY","","VehicleRigidBody","","Rust GEVP-aligned force solver",2,"{}"
3799,112.79,14979.5,2,1.000,0.000,0.000,0.000,1.116,-0.021,54.90,54.90,100.42,100.42,0.0044,0.2700,"rust_gevp_tri_ray","",60,"GEVP_TRI_RAY","","VehicleRigidBody","","Rust GEVP-aligned force solver",2,"{}"
3816,113.45,15123.9,2,1.000,0.000,0.000,0.000,1.118,-0.021,55.03,55.03,100.67,100.67,0.0044,0.2745,"rust_gevp_tri_ray","",60,"GEVP_TRI_RAY","","VehicleRigidBody","","Rust GEVP-aligned force solver",2,"{}"
3833,114.11,15266.5,2,1.000,0.000,0.000,0.000,1.120,-0.021,55.16,55.16,100.91,100.91,0.0044,0.2787,"rust_gevp_tri_ray","",60,"GEVP_TRI_RAY","","VehicleRigidBody","","Rust GEVP-aligned force solver",2,"{}"
3849,114.77,15407.1,2,1.000,0.000,0.000,0.000,1.121,-0.021,55.29,55.29,101.16,101.16,0.0044,0.2827,"rust_gevp_tri_ray","",60,"GEVP_TRI_RAY","","VehicleRigidBody","","Rust GEVP-aligned force solver",2,"{}"
3866,115.43,15545.7,2,1.000,0.000,0.000,0.000,1.123,-0.021,55.43,55.43,101.40,101.40,0.0043,0.2865,"rust_gevp_tri_ray","",60,"GEVP_TRI_RAY","","VehicleRigidBody","","Rust GEVP-aligned force solver",2,"{}"
3883,116.09,15682.3,2,1.000,0.000,0.000,0.000,1.125,-0.021,55.57,55.57,101.65,101.65,0.0043,0.2900,"rust_gevp_tri_ray","",60,"GEVP_TRI_RAY","","VehicleRigidBody","","Rust GEVP-aligned force solver",2,"{}"
3899,116.75,15682.3,2,1.000,0.000,0.000,0.000,1.125,-0.021,55.71,55.71,101.90,101.90,0.0043,0.2449,"rust_gevp_tri_ray","",60,"GEVP_TRI_RAY","","VehicleRigidBody","","Rust GEVP-aligned force solver",2,"{}"
3916,117.42,15682.3,2,1.000,0.000,0.000,0.000,1.125,-0.021,55.86,55.86,102.14,102.14,0.0043,0.2002,"rust_gevp_tri_ray","",60,"GEVP_TRI_RAY","","VehicleRigidBody","","Rust GEVP-aligned force solver",2,"{}"
3933,117.92,15682.3,2,1.000,0.000,0.000,0.000,0.854,-0.021,56.02,56.02,102.39,102.39,0.0042,0.1560,"rust_gevp_tri_ray","",60,"GEVP_TRI_RAY","","VehicleRigidBody","","Rust GEVP-aligned force solver",2,"{}"
3949,118.30,15682.3,2,1.000,0.000,0.000,0.000,0.640,-0.017,56.89,56.89,102.06,102.06,0.0027,0.1218,"rust_gevp_tri_ray","",60,"GEVP_TRI_RAY","","VehicleRigidBody","","Rust GEVP-aligned force solver",2,"{}"
3966,118.57,15682.3,2,1.000,0.000,0.000,0.000,0.473,-0.012,58.25,58.25,101.38,101.38,0.0016,0.0954,"rust_gevp_tri_ray","",60,"GEVP_TRI_RAY","","VehicleRigidBody","","Rust GEVP-aligned force solver",2,"{}"
3983,118.78,15682.3,2,1.000,0.000,0.000,0.000,0.344,-0.008,59.92,59.92,100.45,100.45,0.0007,0.0750,"rust_gevp_tri_ray","",60,"GEVP_TRI_RAY","","VehicleRigidBody","","Rust GEVP-aligned force solver",2,"{}"
3999,118.92,15682.3,2,1.000,0.000,0.000,0.000,0.243,-0.005,61.79,61.79,99.37,99.37,0.0001,0.0592,"rust_gevp_tri_ray","",60,"GEVP_TRI_RAY","","VehicleRigidBody","","Rust GEVP-aligned force solver",2,"{}"
4016,119.02,15682.3,2,1.000,0.000,0.000,0.000,0.164,-0.003,63.76,63.76,98.23,98.23,0.0006,0.0469,"rust_gevp_tri_ray","",60,"GEVP_TRI_RAY","","VehicleRigidBody","","Rust GEVP-aligned force solver",2,"{}"
4033,119.56,11230.9,3,1.000,0.000,0.000,0.000,0.922,-0.001,65.75,65.75,97.06,97.06,0.0010,0.0759,"rust_gevp_tri_ray","",60,"GEVP_TRI_RAY","","VehicleRigidBody","","Rust GEVP-aligned force solver",2,"{}"
4049,120.21,11310.8,3,1.000,0.000,0.000,0.000,1.099,-0.009,65.55,65.55,97.65,97.65,0.0030,0.0866,"rust_gevp_tri_ray","",60,"GEVP_TRI_RAY","","VehicleRigidBody","","Rust GEVP-aligned force solver",2,"{}"
4066,120.88,11382.9,3,1.000,0.000,0.000,0.000,1.143,-0.004,64.93,64.93,98.54,98.54,0.0039,0.0909,"rust_gevp_tri_ray","",60,"GEVP_TRI_RAY","","VehicleRigidBody","","Rust GEVP-aligned force solver",2,"{}"
4083,121.56,11457.2,3,1.000,0.000,0.000,0.000,1.151,-0.008,64.25,64.25,99.43,99.43,0.0041,0.0930,"rust_gevp_tri_ray","",60,"GEVP_TRI_RAY","","VehicleRigidBody","","Rust GEVP-aligned force solver",2,"{}"
4099,122.23,11534.0,3,1.000,0.000,0.000,0.000,1.150,-0.013,63.62,63.62,100.24,100.24,0.0041,0.0945,"rust_gevp_tri_ray","",60,"GEVP_TRI_RAY","","VehicleRigidBody","","Rust GEVP-aligned force solver",2,"{}"
4116,122.91,11612.7,3,1.000,0.000,0.000,0.000,1.147,-0.016,63.05,63.05,100.96,100.96,0.0041,0.0959,"rust_gevp_tri_ray","",60,"GEVP_TRI_RAY","","VehicleRigidBody","","Rust GEVP-aligned force solver",2,"{}"
4133,123.58,11692.9,3,1.000,0.000,0.000,0.000,1.145,-0.019,62.57,62.57,101.60,101.60,0.0041,0.0973,"rust_gevp_tri_ray","",60,"GEVP_TRI_RAY","","VehicleRigidBody","","Rust GEVP-aligned force solver",2,"{}"
4149,124.25,11774.2,3,1.000,0.000,0.000,0.000,1.144,-0.021,62.16,62.16,102.19,102.19,0.0040,0.0988,"rust_gevp_tri_ray","",60,"GEVP_TRI_RAY","","VehicleRigidBody","","Rust GEVP-aligned force solver",2,"{}"
4166,124.93,11856.5,3,1.000,0.000,0.000,0.000,1.143,-0.022,61.83,61.83,102.73,102.73,0.0040,0.1003,"rust_gevp_tri_ray","",60,"GEVP_TRI_RAY","","VehicleRigidBody","","Rust GEVP-aligned force solver",2,"{}"
4183,125.60,11939.7,3,1.000,0.000,0.000,0.000,1.144,-0.022,61.55,61.55,103.23,103.23,0.0040,0.1019,"rust_gevp_tri_ray","",60,"GEVP_TRI_RAY","","VehicleRigidBody","","Rust GEVP-aligned force solver",2,"{}"
4199,126.27,12023.5,3,1.000,0.000,0.000,0.000,1.144,-0.023,61.33,61.33,103.71,103.71,0.0039,0.1036,"rust_gevp_tri_ray","",60,"GEVP_TRI_RAY","","VehicleRigidBody","","Rust GEVP-aligned force solver",2,"{}"
4216,126.95,12108.1,3,1.000,0.000,0.000,0.000,1.145,-0.023,61.16,61.16,104.15,104.15,0.0039,0.1053,"rust_gevp_tri_ray","",60,"GEVP_TRI_RAY","","VehicleRigidBody","","Rust GEVP-aligned force solver",2,"{}"
4233,127.62,12193.4,3,1.000,0.000,0.000,0.000,1.147,-0.023,61.03,61.03,104.58,104.58,0.0039,0.1071,"rust_gevp_tri_ray","",60,"GEVP_TRI_RAY","","VehicleRigidBody","","Rust GEVP-aligned force solver",2,"{}"
4249,128.30,12279.2,3,1.000,0.000,0.000,0.000,1.148,-0.023,60.94,60.94,104.99,104.99,0.0039,0.1088,"rust_gevp_tri_ray","",60,"GEVP_TRI_RAY","","VehicleRigidBody","","Rust GEVP-aligned force solver",2,"{}"
4266,128.97,12365.7,3,1.000,0.000,0.000,0.000,1.150,-0.023,60.89,60.89,105.39,105.39,0.0038,0.1106,"rust_gevp_tri_ray","",60,"GEVP_TRI_RAY","","VehicleRigidBody","","Rust GEVP-aligned force solver",2,"{}"
4283,129.65,12452.8,3,1.000,0.000,0.000,0.000,1.152,-0.023,60.86,60.86,105.77,105.77,0.0038,0.1125,"rust_gevp_tri_ray","",60,"GEVP_TRI_RAY","","VehicleRigidBody","","Rust GEVP-aligned force solver",2,"{}"
4299,130.33,12540.6,3,1.000,0.000,0.000,0.000,1.153,-0.023,60.87,60.87,106.15,106.15,0.0038,0.1143,"rust_gevp_tri_ray","",60,"GEVP_TRI_RAY","","VehicleRigidBody","","Rust GEVP-aligned force solver",2,"{}"
4316,131.01,12628.9,3,1.000,0.000,0.000,0.000,1.155,-0.023,60.89,60.89,106.51,106.51,0.0038,0.1162,"rust_gevp_tri_ray","",60,"GEVP_TRI_RAY","","VehicleRigidBody","","Rust GEVP-aligned force solver",2,"{}"
4333,131.69,12717.8,3,1.000,0.000,0.000,0.000,1.157,-0.022,60.93,60.93,106.87,106.87,0.0037,0.1181,"rust_gevp_tri_ray","",60,"GEVP_TRI_RAY","","VehicleRigidBody","","Rust GEVP-aligned force solver",2,"{}"
4349,132.37,12807.4,3,1.000,0.000,0.000,0.000,1.159,-0.022,60.99,60.99,107.22,107.22,0.0037,0.1200,"rust_gevp_tri_ray","",60,"GEVP_TRI_RAY","","VehicleRigidBody","","Rust GEVP-aligned force solver",2,"{}"
4366,133.06,12897.5,3,1.000,0.000,0.000,0.000,1.161,-0.022,61.07,61.07,107.56,107.56,0.0037,0.1220,"rust_gevp_tri_ray","",60,"GEVP_TRI_RAY","","VehicleRigidBody","","Rust GEVP-aligned force solver",2,"{}"
4383,133.74,12988.2,3,1.000,0.000,0.000,0.000,1.163,-0.022,61.15,61.15,107.90,107.90,0.0037,0.1239,"rust_gevp_tri_ray","",60,"GEVP_TRI_RAY","","VehicleRigidBody","","Rust GEVP-aligned force solver",2,"{}"
4399,134.43,13079.6,3,1.000,0.000,0.000,0.000,1.165,-0.022,61.25,61.25,108.23,108.23,0.0037,0.1259,"rust_gevp_tri_ray","",60,"GEVP_TRI_RAY","","VehicleRigidBody","","Rust GEVP-aligned force solver",2,"{}"
4416,135.11,13171.6,3,1.000,0.000,0.000,0.000,1.167,-0.023,61.36,61.36,108.56,108.56,0.0036,0.1279,"rust_gevp_tri_ray","",60,"GEVP_TRI_RAY","","VehicleRigidBody","","Rust GEVP-aligned force solver",2,"{}"
4433,135.80,13264.2,3,1.000,0.000,0.000,0.000,1.169,-0.023,61.48,61.48,108.89,108.89,0.0036,0.1300,"rust_gevp_tri_ray","",60,"GEVP_TRI_RAY","","VehicleRigidBody","","Rust GEVP-aligned force solver",2,"{}"
4449,136.49,13357.4,3,1.000,0.000,0.000,0.000,1.171,-0.023,61.60,61.60,109.21,109.21,0.0036,0.1320,"rust_gevp_tri_ray","",60,"GEVP_TRI_RAY","","VehicleRigidBody","","Rust GEVP-aligned force solver",2,"{}"
4466,137.18,13451.3,3,1.000,0.000,0.000,0.000,1.173,-0.023,61.74,61.74,109.53,109.53,0.0036,0.1341,"rust_gevp_tri_ray","",60,"GEVP_TRI_RAY","","VehicleRigidBody","","Rust GEVP-aligned force solver",2,"{}"
4483,137.87,13545.6,3,1.000,0.000,0.000,0.000,1.175,-0.023,61.88,61.88,109.85,109.85,0.0036,0.1362,"rust_gevp_tri_ray","",60,"GEVP_TRI_RAY","","VehicleRigidBody","","Rust GEVP-aligned force solver",2,"{}"
4499,138.57,13639.8,3,1.000,0.000,0.000,0.000,1.177,-0.023,62.02,62.02,110.17,110.17,0.0035,0.1382,"rust_gevp_tri_ray","",60,"GEVP_TRI_RAY","","VehicleRigidBody","","Rust GEVP-aligned force solver",2,"{}"
4516,139.26,13733.8,3,1.000,0.000,0.000,0.000,1.179,-0.023,62.18,62.18,110.48,110.48,0.0035,0.1401,"rust_gevp_tri_ray","",60,"GEVP_TRI_RAY","","VehicleRigidBody","","Rust GEVP-aligned force solver",2,"{}"
4533,139.95,13827.5,3,1.000,0.000,0.000,0.000,1.181,-0.023,62.34,62.34,110.80,110.80,0.0035,0.1420,"rust_gevp_tri_ray","",60,"GEVP_TRI_RAY","","VehicleRigidBody","","Rust GEVP-aligned force solver",2,"{}"
4549,140.65,13920.9,3,1.000,0.000,0.000,0.000,1.183,-0.023,62.50,62.50,111.11,111.11,0.0035,0.1438,"rust_gevp_tri_ray","",60,"GEVP_TRI_RAY","","VehicleRigidBody","","Rust GEVP-aligned force solver",2,"{}"
4566,141.35,14014.0,3,1.000,0.000,0.000,0.000,1.185,-0.023,62.67,62.67,111.43,111.43,0.0035,0.1456,"rust_gevp_tri_ray","",60,"GEVP_TRI_RAY","","VehicleRigidBody","","Rust GEVP-aligned force solver",2,"{}"
4583,142.05,14106.9,3,1.000,0.000,0.000,0.000,1.187,-0.024,62.85,62.85,111.74,111.74,0.0034,0.1473,"rust_gevp_tri_ray","",60,"GEVP_TRI_RAY","","VehicleRigidBody","","Rust GEVP-aligned force solver",2,"{}"
4599,142.75,14199.4,3,1.000,0.000,0.000,0.000,1.189,-0.024,63.03,63.03,112.05,112.05,0.0034,0.1490,"rust_gevp_tri_ray","",60,"GEVP_TRI_RAY","","VehicleRigidBody","","Rust GEVP-aligned force solver",2,"{}"
4616,143.45,14291.6,3,1.000,0.000,0.000,0.000,1.191,-0.024,63.21,63.21,112.37,112.37,0.0034,0.1506,"rust_gevp_tri_ray","",60,"GEVP_TRI_RAY","","VehicleRigidBody","","Rust GEVP-aligned force solver",2,"{}"
4633,144.15,14383.5,3,1.000,0.000,0.000,0.000,1.193,-0.024,63.40,63.40,112.68,112.68,0.0034,0.1522,"rust_gevp_tri_ray","",60,"GEVP_TRI_RAY","","VehicleRigidBody","","Rust GEVP-aligned force solver",2,"{}"
4649,144.85,14475.1,3,1.000,0.000,0.000,0.000,1.195,-0.024,63.59,63.59,113.00,113.00,0.0034,0.1538,"rust_gevp_tri_ray","",60,"GEVP_TRI_RAY","","VehicleRigidBody","","Rust GEVP-aligned force solver",2,"{}"
4666,145.56,14566.3,3,1.000,0.000,0.000,0.000,1.197,-0.024,63.78,63.78,113.32,113.32,0.0033,0.1553,"rust_gevp_tri_ray","",60,"GEVP_TRI_RAY","","VehicleRigidBody","","Rust GEVP-aligned force solver",2,"{}"
4683,146.26,14657.3,3,1.000,0.000,0.000,0.000,1.199,-0.024,63.98,63.98,113.63,113.63,0.0033,0.1567,"rust_gevp_tri_ray","",60,"GEVP_TRI_RAY","","VehicleRigidBody","","Rust GEVP-aligned force solver",2,"{}"
4699,146.97,14747.9,3,1.000,0.000,0.000,0.000,1.201,-0.024,64.18,64.18,113.95,113.95,0.0033,0.1581,"rust_gevp_tri_ray","",60,"GEVP_TRI_RAY","","VehicleRigidBody","","Rust GEVP-aligned force solver",2,"{}"
4716,147.68,14838.2,3,1.000,0.000,0.000,0.000,1.203,-0.024,64.39,64.39,114.27,114.27,0.0033,0.1594,"rust_gevp_tri_ray","",60,"GEVP_TRI_RAY","","VehicleRigidBody","","Rust GEVP-aligned force solver",2,"{}"
4733,148.39,14928.1,3,1.000,0.000,0.000,0.000,1.206,-0.024,64.59,64.59,114.59,114.59,0.0033,0.1607,"rust_gevp_tri_ray","",60,"GEVP_TRI_RAY","","VehicleRigidBody","","Rust GEVP-aligned force solver",2,"{}"
4749,149.10,15017.8,3,1.000,0.000,0.000,0.000,1.208,-0.024,64.80,64.80,114.92,114.92,0.0032,0.1620,"rust_gevp_tri_ray","",60,"GEVP_TRI_RAY","","VehicleRigidBody","","Rust GEVP-aligned force solver",2,"{}"
4766,149.81,15106.4,3,1.000,0.000,0.000,0.000,1.210,-0.024,65.01,65.01,115.24,115.24,0.0032,0.1631,"rust_gevp_tri_ray","",60,"GEVP_TRI_RAY","","VehicleRigidBody","","Rust GEVP-aligned force solver",2,"{}"
4783,150.52,15193.6,3,1.000,0.000,0.000,0.000,1.212,-0.025,65.23,65.23,115.57,115.57,0.0032,0.1641,"rust_gevp_tri_ray","",60,"GEVP_TRI_RAY","","VehicleRigidBody","","Rust GEVP-aligned force solver",2,"{}"
4799,151.24,15279.3,3,1.000,0.000,0.000,0.000,1.214,-0.025,65.45,65.45,115.89,115.89,0.0032,0.1649,"rust_gevp_tri_ray","",60,"GEVP_TRI_RAY","","VehicleRigidBody","","Rust GEVP-aligned force solver",2,"{}"
4816,151.95,15363.4,3,1.000,0.000,0.000,0.000,1.216,-0.025,65.67,65.67,116.22,116.22,0.0032,0.1656,"rust_gevp_tri_ray","",60,"GEVP_TRI_RAY","","VehicleRigidBody","","Rust GEVP-aligned force solver",2,"{}"
4833,152.67,15445.9,3,1.000,0.000,0.000,0.000,1.218,-0.025,65.89,65.89,116.55,116.55,0.0031,0.1662,"rust_gevp_tri_ray","",60,"GEVP_TRI_RAY","","VehicleRigidBody","","Rust GEVP-aligned force solver",2,"{}"
4849,153.39,15527.0,3,1.000,0.000,0.000,0.000,1.220,-0.025,66.11,66.11,116.88,116.88,0.0031,0.1666,"rust_gevp_tri_ray","",60,"GEVP_TRI_RAY","","VehicleRigidBody","","Rust GEVP-aligned force solver",2,"{}"
4866,154.11,15606.5,3,1.000,0.000,0.000,0.000,1.223,-0.025,66.34,66.34,117.22,117.22,0.0031,0.1670,"rust_gevp_tri_ray","",60,"GEVP_TRI_RAY","","VehicleRigidBody","","Rust GEVP-aligned force solver",2,"{}"
4883,154.83,15684.6,3,1.000,0.000,0.000,0.000,1.225,-0.025,66.57,66.57,117.55,117.55,0.0031,0.1672,"rust_gevp_tri_ray","",60,"GEVP_TRI_RAY","","VehicleRigidBody","","Rust GEVP-aligned force solver",2,"{}"
4899,155.27,15684.6,3,1.000,0.000,0.000,0.000,0.749,-0.025,66.80,66.80,117.89,117.89,0.0031,0.1184,"rust_gevp_tri_ray","",60,"GEVP_TRI_RAY","","VehicleRigidBody","","Rust GEVP-aligned force solver",2,"{}"
4916,155.56,15684.6,3,1.000,0.000,0.000,0.000,0.486,-0.017,68.25,68.25,117.27,117.27,0.0011,0.0862,"rust_gevp_tri_ray","",60,"GEVP_TRI_RAY","","VehicleRigidBody","","Rust GEVP-aligned force solver",2,"{}"
4933,155.73,15684.6,3,1.000,0.000,0.000,0.000,0.295,-0.010,70.24,70.24,116.25,116.25,0.0001,0.0631,"rust_gevp_tri_ray","",60,"GEVP_TRI_RAY","","VehicleRigidBody","","Rust GEVP-aligned force solver",2,"{}"
4949,155.82,15684.6,3,1.000,0.000,0.000,0.000,0.158,-0.012,72.54,72.54,115.00,115.00,0.0009,0.0466,"rust_gevp_tri_ray","",60,"GEVP_TRI_RAY","","VehicleRigidBody","","Rust GEVP-aligned force solver",2,"{}"
4966,155.86,15684.6,3,1.000,0.000,0.000,0.000,0.058,-0.012,75.07,75.07,113.62,113.62,0.0015,0.0348,"rust_gevp_tri_ray","",60,"GEVP_TRI_RAY","","VehicleRigidBody","","Rust GEVP-aligned force solver",2,"{}"
4983,155.85,15684.6,3,1.000,0.000,0.000,0.000,-0.013,-0.008,77.70,77.70,112.20,112.20,0.0019,0.0263,"rust_gevp_tri_ray","",60,"GEVP_TRI_RAY","","VehicleRigidBody","","Rust GEVP-aligned force solver",2,"{}"
4999,155.81,15684.6,3,1.000,0.000,0.000,0.000,-0.064,-0.001,80.34,80.34,110.82,110.82,0.0022,0.0202,"rust_gevp_tri_ray","",60,"GEVP_TRI_RAY","","VehicleRigidBody","","Rust GEVP-aligned force solver",2,"{}"
