filename,sha256_before,sample_rate_hertz,channels,encoding,frame_count,duration_seconds,role,sample_peak_decibels_full_scale,estimated_true_peak_decibels_full_scale,root_mean_square_decibels_full_scale,integrated_loudness_loudness_units_full_scale,whole_clip_ungated_weighted_level,maximum_100_millisecond_weighted_level,crest_factor_decibels,dynamic_range_20_millisecond_95_minus_10_decibels,sustained_100_millisecond_90_minus_10_decibels,sustained_100_millisecond_standard_deviation_decibels,sustained_100_millisecond_median_decibels_full_scale,sustained_100_millisecond_90_percentile_decibels_full_scale,digital_rail_sample_count,near_clip_minus_point_one_decibel_percent,near_clip_minus_one_decibel_percent,high_amplitude_repeated_sample_count,longest_high_amplitude_constant_run_samples,minimum_20_millisecond_level_decibels_full_scale,minimum_20_millisecond_center_seconds,low_10_percentile_20_millisecond_level_decibels_full_scale,first_20_millisecond_level_decibels_full_scale,last_20_millisecond_level_decibels_full_scale,time_of_absolute_peak_seconds,periodicity,stereo_correlation,stereo_side_relative_to_mid_decibels,sha256_after
500_backfire3.wav,e107717d2fe4f4fccd5d10d910b7cff71cd36d11403ef2a1277d36418986d044,44100,2,PCM_16,28693,0.6506349206349207,one_shot,-0.022294662658864185,-0.017852915712829962,-17.16568922442424,-15.766368299939861,-18.422485025765834,-13.786011584187568,17.143394561765376,20.946415498408243,10.901296802759443,4.857458366209308,-19.35958893402171,-14.01602774223148,0,0.160317847558638,0.3624577423064859,0,0,-47.69438205781501,0.6385714285714286,-32.31200576198039,-18.906229211212796,-48.97557775007259,0.05947845804988662,,0.9999999786721128,-79.72094748869301,e107717d2fe4f4fccd5d10d910b7cff71cd36d11403ef2a1277d36418986d044
500_backfire4.wav,e903a055cf8b5ca6a79b44862681f12bca5a11e95878f091095d613e7b63171e,44100,2,PCM_16,26238,0.5949659863945578,one_shot,-0.09193477323317048,-0.0911310367461709,-17.340055605403034,-14.972445429748385,-18.44407202521517,-15.505841235471634,17.248120832169864,14.394938128639403,6.702214704047268,2.8874772307869216,-16.451001884332626,-15.323615958899985,0,0.003811266102599284,0.10290418477018067,1,2,-42.06738414322615,0.5836961451247166,-27.162980742644343,-23.44498929411086,-42.76053980015159,0.1554875283446712,,0.9999973243993459,-58.731693553367236,e903a055cf8b5ca6a79b44862681f12bca5a11e95878f091095d613e7b63171e
500_backfire5.wav,a471a47bc8094a38e50894713b47b7847d81e1c518830b804e25dc87a69ceec1,44100,2,PCM_16,15970,0.3621315192743764,one_shot,-0.05717833517546649,-0.05718536555396177,-16.164908949225396,,-17.114335439066355,-14.679563216387477,16.107730614049927,21.548211041519608,6.873310191490983,2.757316478413753,-15.00941132707111,-13.929807577695627,0,0.08766437069505323,0.1377582968065122,0,0,-50.39049250559714,0.34922902494331065,-33.10333740956387,-23.76289203307604,-52.14647331384964,0.04775510204081632,,0.999999914813739,-73.70661697780857,a471a47bc8094a38e50894713b47b7847d81e1c518830b804e25dc87a69ceec1
500_backfire6.wav,6179b1460c81f58ce6ed69dd48498e0efcb3ec66eb18054cf1d97ac444426797,44100,2,PCM_16,17496,0.396734693877551,one_shot,-0.052643527896896185,-0.05148630907319943,-16.853550880627548,,-18.007259588805212,-14.340036110186608,16.80090735273065,16.844301801490772,10.07732277197001,3.9475436929872894,-16.356547581395866,-13.757052535627452,0,0.1314586191129401,0.37151348879743945,0,0,-42.048195865764754,0.38414965986394556,-27.860971834385936,-18.735253619005668,-43.94582296280201,0.08766439909297052,,0.9999999027546476,-73.13160656633116,6179b1460c81f58ce6ed69dd48498e0efcb3ec66eb18054cf1d97ac444426797
500_backfire7.wav,ed324b6935950738a6cb4eb0ba99eab74b58bd24fe8b6a9dc75973b47269c42c,44100,2,PCM_16,34262,0.7769160997732426,one_shot,-6.415382446195464,-6.415389476573958,-19.612937108022884,-17.542232369571156,-21.31740466523514,-18.101910126098623,13.197554661827422,13.90401148132833,5.507272837598215,2.308995896688509,-19.274513393424947,-16.335002215887485,0,0.0,0.0,0,0,-42.917136639702626,0.7632879818594104,-28.90837657241685,-32.898728415615835,-46.34522831413625,0.42315192743764174,,0.9999999705405195,-78.31803813619845,ed324b6935950738a6cb4eb0ba99eab74b58bd24fe8b6a9dc75973b47269c42c
500_limiter.wav,1bdb7a2cc3eb6d95e7fa8d56bec55fd4df8c9b307902056b93f5c30b32751758,44100,2,PCM_16,15939,0.36142857142857143,one_shot,-0.2585445216286816,-0.239954073774129,-11.294515608390492,,-11.603940155926894,-9.114835622044078,11.035971086761808,8.567604725847744,4.896520432684245,1.7416172190927455,-11.602064774657883,-8.913848425528586,0,0.0,0.1443001443001443,0,0,-17.366491030740296,0.3242857142857143,-16.020410876317467,-12.693803176553448,-15.96119419963978,0.0827891156462585,,0.9999999999999998,-300.0,1bdb7a2cc3eb6d95e7fa8d56bec55fd4df8c9b307902056b93f5c30b32751758
98_int_high_1.wav,fc68bc279e3f8098be009be24eb4249c4ab76ab805e595af7bc5c509b1413477,44100,1,PCM_16,110250,2.5,engine_loop,-0.6201545463462179,-0.365181604471386,-4.943611718986864,-5.180250044313068,-5.200646671339784,-4.2870906427940465,4.323457172640645,1.4355559150624666,0.9869487479484791,0.3915429283197713,-4.9649435755170686,-4.416371707941867,0,0.0,16.234920634920634,13103,37,-7.346582716203018,1.4217913832199547,-5.55766961770103,-5.226234544722179,-4.6585806149834355,0.003560090702947846,"{'autocorrelation_median_hertz': 93.26149140681562, 'autocorrelation_median_confidence': 0.8396773944537284, 'autocorrelation_confident_frame_percent': 100.0, 'autocorrelation_confident_frequency_10_90_hertz': [93.17370474562932, 93.33841807581418], 'tracked_dominant_median_hertz': 464.6513167581936, 'tracked_dominant_10_90_cents': 11.54873494835296, 'tracked_dominant_drift_cents_per_second': -0.09540839821076533, 'periodicity_frequency_hertz': [93.35146072685855, 93.36288404063993, 93.35494064033102, 93.32790662810636, 93.31966861045514, 93.33748105186598, 93.3159949100486, 93.3024545645027, 93.28662054794877, 93.27274707283674, 93.27189624657565, 93.283621284745, 93.28266965491405, 93.2758199497496, 93.25385433801337, 93.27222727893422, 93.29088324986554, 93.30210051941303, 93.30995414908637, 93.30094399896943, 93.26906543832177, 93.2717552665049, 93.27643259850319, 93.27531884609621, 93.22893979674822, 93.20243603220379, 93.22727722420785, 93.25867500923111, 93.26110837156908, 93.25353427022056, 93.24215445419553, 93.26348041695529, 93.25827275423262, 93.26847270732789, 93.30347780079768, 93.2808092731489, 93.26451355596538, 93.27963964403443, 93.26979464239548, 93.23832854718283, 93.24327914317155, 93.22895084837423, 93.24221018894593, 93.26771480287678, 93.27945594541413, 93.28393508499006, 93.26343493426978, 93.27022591049894, 93.27341493512945, 93.27779186631001, 93.26166486987245, 93.24554656830749, 93.24384911192693, 93.26372470850085, 93.2568472907637, 93.25098774252875, 93.24719377087675, 93.2613179437588, 93.30499213638076, 93.31796667542461, 93.34060446502663, 93.31117837299071, 93.29337759831276, 93.27652111437487, 93.27591009105241, 93.25878151121428, 93.22320120245053, 93.2210991837526, 93.21101353059902, 93.24539853701359, 93.22351645341762, 93.22270598290304, 93.21626441674856, 93.20085429955985, 93.20064844382959, 93.20950462514433, 93.21096529383271, 93.1664780760506, 93.17619480758306, 93.1940467473685, 93.20965075621835, 93.20719391536373, 93.17691750155555, 93.17388538703447, 93.19839592385597, 93.21474247681157, 93.21001491502199, 93.1732832490173, 93.16002184474578, 93.17857057146357, 93.23058495327673, 93.26675679230327, 93.28423162480962, 93.29301803769447, 93.35547736968931, 93.40429374398938, 93.43963289547499, 93.45667450627548, 93.45792161712706, 93.44221258310951, 93.43163781375843, 93.36065878426567, 93.31322756204263, 93.27945043769985, 93.25858942384008, 93.21667189022749, 93.17417276331194, 93.16681084392039, 93.1566583772612, 93.17462153300012, 93.17991352622407, 93.13794974853592, 93.10933744363977, 93.1314327386975, 93.14769365818687, 93.13571852271515, 93.13997658623877, 93.12105518004843], 'periodicity_confidence': [0.8228987507802893, 0.8338117893843021, 0.8363475847619364, 0.8332940170183895, 0.8406569322250029, 0.8434831111032987, 0.8369943460388799, 0.8406066083872583, 0.8406974042318159, 0.8352967503570602, 0.8311399868543068, 0.8278714149741817, 0.8321325609288281, 0.8325310278521044, 0.8380394085170902, 0.8417691900519814, 0.844142895991218, 0.8394575163360648, 0.8448335024198863, 0.8468981189416851, 0.850066773258079, 0.8438837017407225, 0.8376800468118646, 0.8333299621030664, 0.8400108885428997, 0.8339248023099449, 0.8386457064557218, 0.8352052950084109, 0.8460076510187948, 0.8552096509790469, 0.8573960627188588, 0.8568362141852885, 0.855494069376674, 0.8594381701072187, 0.860918948857288, 0.8605234374867882, 0.8562471793290297, 0.8634118650558262, 0.8601555144434698, 0.8693300743239569, 0.8545176339100342, 0.8595213633626537, 0.8551614596578135, 0.839829530055571, 0.8443153584269311, 0.8355751204664664, 0.8391910485127295, 0.844990242470489, 0.8587691792450349, 0.862124411120238, 0.8702513531121847, 0.8742033072158513, 0.8691992965237596, 0.8592594626894441, 0.8559034830125285, 0.835073269065029, 0.8306557729771055, 0.8283059045924406, 0.8341825357612961, 0.841172615077009, 0.8490172584007933, 0.8562986699957355, 0.8621034315675495, 0.8667336235224468, 0.8426964280058661, 0.8300744078051093, 0.828317589041463, 0.8149911259520903, 0.8202500483379735, 0.8164329732970217, 0.8311725315528907, 0.8394382527281927, 0.8384983108534962, 0.8317452666842704, 0.8293963346876614, 0.832232636749965, 0.8289642764894728, 0.8335980921919746, 0.832146820307973, 0.8438952812644481, 0.849641942643003, 0.8478988912263468, 0.8483664941605853, 0.8460872742174118, 0.8416581349122182, 0.8473141328911248, 0.8417986116734141, 0.8430404795525719, 0.8337146041458577, 0.8394829623457076, 0.831603891542188, 0.8339974970446484, 0.8362833937812448, 0.8351576265108765, 0.823931031500501, 0.8294583670988095, 0.8338722729855425, 0.8290384696946859, 0.8291971771271335, 0.8296445325019843, 0.8222005283219738, 0.8157517130664392, 0.8233210651157765, 0.8359948636789797, 0.8455445309401854, 0.8529678273934098, 0.8594297307567967, 0.8579663224576913, 0.8605290176960256, 0.8565452037417178, 0.8516384222810834, 0.8390870035714917, 0.8409425209266713, 0.836950020679426, 0.8395252588518858, 0.8322744425348622, 0.8248031144058309, 0.820345006140853], 'times_seconds': [0.08, 0.1, 0.12, 0.14, 0.16, 0.18, 0.2, 0.22, 0.24, 0.26, 0.28, 0.3, 0.32, 0.34, 0.36, 0.38, 0.4, 0.42, 0.44, 0.46, 0.48, 0.5, 0.52, 0.54, 0.56, 0.58, 0.6, 0.62, 0.64, 0.66, 0.68, 0.7, 0.72, 0.74, 0.76, 0.78, 0.8, 0.82, 0.84, 0.86, 0.88, 0.9, 0.92, 0.94, 0.96, 0.98, 1.0, 1.02, 1.04, 1.06, 1.08, 1.1, 1.12, 1.14, 1.16, 1.18, 1.2, 1.22, 1.24, 1.26, 1.28, 1.3, 1.32, 1.34, 1.36, 1.38, 1.4, 1.42, 1.44, 1.46, 1.48, 1.5, 1.52, 1.54, 1.56, 1.58, 1.6, 1.62, 1.64, 1.66, 1.68, 1.7, 1.72, 1.74, 1.76, 1.78, 1.8, 1.82, 1.84, 1.86, 1.88, 1.9, 1.92, 1.94, 1.96, 1.98, 2.0, 2.02, 2.04, 2.06, 2.08, 2.1, 2.12, 2.14, 2.16, 2.18, 2.2, 2.22, 2.24, 2.26, 2.28, 2.3, 2.32, 2.34, 2.36, 2.38, 2.4, 2.42], 'tracked_dominant_frequency_hertz': [466.22709432602716, 466.33791504843913, 466.8161395295336, 467.2605596789038, 467.27745169706526, 466.8716786891681, 466.314531868195, 465.91849159771715, 465.82158543287323, 465.84034782677406, 465.7428291829277, 465.62030384842785, 465.7300764379866, 466.0050212389603, 466.1056647844067, 465.7898895073203, 465.33655884264425, 465.16488023184047, 465.4330567556962, 465.848484350129, 465.9561975896057, 465.4825924588525, 464.74728356539225, 464.22564205436686, 464.2654135118549, 464.54164899724617, 464.76657849762313, 464.9469746985548, 465.20381768676566, 465.4617365645092, 465.3291553238569, 464.67161591757156, 464.08898610921796, 464.0331259770703, 464.5172885702658, 465.08278104634576, 465.23589262363146, 464.9596309820599, 464.516078213144, 464.2061759028765, 464.1880194100047, 464.4844412737196, 464.9401257824424, 465.2967316776032, 465.34543773213295, 465.09854099099016, 464.73024439708365, 464.4266841716759, 464.33283139210045, 464.5496515768638, 464.9857184097916, 465.2917082772164, 465.2901110748916, 465.0083837117375, 464.6310175988157, 464.31705713887675, 464.28091397855957, 464.6091438660353, 465.210111859324, 465.8922038476136, 466.4224109339055, 466.51909479254874, 466.07609328854676, 465.0378231568772, 463.83596705552173, 463.15667997954955, 463.01312880596373, 463.1743051822401, 463.3525069212277, 463.3605405456342, 463.46417931558784, 463.750107672157, 464.0704943885761, 464.19797612607994, 464.1885420768752, 464.1610296731638, 464.15562937244454, 463.8124518271171, 462.984454942183, 462.18325271753287, 462.06945281505483, 462.7142996410023, 463.7272364348065, 464.30812372600724, 464.2193143028696, 463.7340574584166, 463.4729795197591, 463.72923977266476, 464.152019015476, 464.2284653202935, 464.0166057555806, 464.1519385774777, 465.2576508946887, 466.99586802013147, 468.12132099894194, 468.5136422210364, 468.5631763621802, 468.52039060035355, 468.39625690838955, 468.2235453435293, 468.05851498792345, 467.73321654315396, 466.8858955555423, 465.3889842673422, 464.1209223805636, 463.6817059277333, 463.680034120199, 463.50629871642496, 463.15602017350056, 463.1088834633675, 463.65883225535526, 464.21620084810695, 464.2273474098356, 463.7207785357702, 463.165352413452, 462.9575965015011, 463.0658390079052, 463.33608208517245]}",,,fc68bc279e3f8098be009be24eb4249c4ab76ab805e595af7bc5c509b1413477
98_int_idle.wav,f0021afba4048c59ae237325c932abef76433f03c437794d73de0e417384ddea,44100,1,PCM_16,88200,2.0,engine_loop,-2.4606879443473817,-2.4591585240255815,-12.266593225970892,-13.031276911456608,-12.913961282515455,-10.666566981016405,9.80590528162351,5.596812830272643,4.861888436415617,1.743714803672133,-12.34488054914088,-10.813615392839132,0,0.0,0.0,3,2,-19.397844406346685,1.2671428571428571,-15.744807398805674,-11.916129471971512,-11.943199423319165,0.8017006802721088,"{'autocorrelation_median_hertz': 162.9297573014242, 'autocorrelation_median_confidence': 0.833852666865994, 'autocorrelation_confident_frame_percent': 92.47311827956989, 'autocorrelation_confident_frequency_10_90_hertz': [162.43807476807228, 163.27187960928936], 'tracked_dominant_median_hertz': 327.6809187021166, 'tracked_dominant_10_90_cents': 13.403829072281692, 'tracked_dominant_drift_cents_per_second': 0.7607512202672811, 'periodicity_frequency_hertz': [162.80332912293153, 162.63319219855015, 162.61372809185352, 162.6610665677065, 162.61574699825823, 162.80736709472114, 162.8015561251734, 162.92808362565148, 162.79827759114923, 162.74340485968116, 162.7735750379293, 162.39693835545302, 162.3673573363163, 162.58681545012357, 162.60440829369213, 162.71019841286454, 163.0022350068419, 163.47660126902736, 163.4102178288025, 163.48243852555237, 163.4062503661437, 163.31244061515656, 163.15041712516316, 163.26867336488476, 163.3247348882751, 163.33732275398566, 163.26268467210429, 163.20553537667445, 163.2257430028798, 163.081635964535, 163.17003073508124, 162.90285080211896, 163.13320061971413, 163.051935935133, 163.04737255684128, 163.18589463987516, 162.9297573014242, 162.68869561541476, 162.60641638490824, 162.5856943463172, 162.7021267197954, 162.52353367524668, 162.3703763320667, 162.23663528710625, 162.38624368529935, 162.71884925234588, 162.7742363139624, 162.8661849627695, 162.77592653259705, 162.74396405772146, 163.10515173879963, 163.09369473798375, 163.09397570930952, 163.0343217016883, 163.0126318758135, 163.11761946470858, 163.27508585369395, 163.3816874727523, 163.37053699539612, 163.2098146010751, 163.05840693489296, 163.08097033432642, 163.00981574903258, 163.21192634809844, 163.18526709576642, 163.09973993640162, 163.2489662382133, 163.19051135748563, 162.8476257178492, 162.699915148516, 162.66862302857717, 162.3384477743802, 162.10054898238658, 162.2724404731924, 162.3246282729314, 162.47921118069158, 162.57682021016035, 162.860184939803, 162.98891079875077, 162.8287851855841, 163.15945347346025, 163.1023882265981, 163.0314234607236, 162.96617655885456, 162.73395541456847, 162.79628129789327, 162.82538963351755, 162.80423450431113, 162.9651067630032, 162.8124393827675, 162.94466493916386, 163.03752192077062, 163.10057293473352], 'periodicity_confidence': [0.881138369945667, 0.8810823755173377, 0.8906988775192001, 0.8908929977874873, 0.8995425721742895, 0.8865127443618851, 0.8760208933479711, 0.8610447201621061, 0.834512808791477, 0.8014403496605393, 0.7644825400021696, 0.7431546544950454, 0.7106375512293748, 0.6566574612849247, 0.6401611190633483, 0.6040992075443489, 0.6371462303065636, 0.7012088406256639, 0.76063679446899, 0.795696292809457, 0.8059020042353109, 0.802608058794998, 0.8089132660987398, 0.8368632176723164, 0.8601605357068997, 0.8440941873885764, 0.8483441983277674, 0.8447903536342907, 0.8351426412774577, 0.8283328459774171, 0.8301030056214281, 0.8058382460624594, 0.7893179135815243, 0.8013785823335643, 0.8259570864421975, 0.8437612766934952, 0.8587067683011588, 0.8523269080351065, 0.8522967128204503, 0.854756014235814, 0.8302688794572207, 0.833852666865994, 0.7803385770263154, 0.7536177383086098, 0.7841270654307405, 0.7923672134520732, 0.7756346666799476, 0.7983474854701705, 0.8006137247037945, 0.8036933352389224, 0.8162713954056331, 0.8228733090951944, 0.8000721350506711, 0.7930926065495324, 0.7974259940189674, 0.7856124753363908, 0.7594802329859357, 0.7199780724176184, 0.6481833655360641, 0.6024227742348048, 0.6102731056481793, 0.6285324159559085, 0.695785672198832, 0.7476983399365527, 0.7747364658477025, 0.7836683295127419, 0.8169745876941131, 0.8503363276292032, 0.8728303351715178, 0.8796226356971135, 0.8836130430366655, 0.8877203606107616, 0.8854850315724057, 0.8761010763343245, 0.8658430081117094, 0.8680748929127554, 0.8641381473289537, 0.8567988078027268, 0.8372675755133501, 0.862399971464579, 0.8767833690732865, 0.8536516063208377, 0.8729094763401457, 0.8789588843754925, 0.8777062812160559, 0.8744597260102484, 0.8619038220821749, 0.8544021857352995, 0.8546738513652217, 0.8705620287026477, 0.8594541839221636, 0.8731787120457963, 0.8736091756827338], 'times_seconds': [0.08, 0.1, 0.12, 0.14, 0.16, 0.18, 0.2, 0.22, 0.24, 0.26, 0.28, 0.3, 0.32, 0.34, 0.36, 0.38, 0.4, 0.42, 0.44, 0.46, 0.48, 0.5, 0.52, 0.54, 0.56, 0.58, 0.6, 0.62, 0.64, 0.66, 0.68, 0.7, 0.72, 0.74, 0.76, 0.78, 0.8, 0.82, 0.84, 0.86, 0.88, 0.9, 0.92, 0.94, 0.96, 0.98, 1.0, 1.02, 1.04, 1.06, 1.08, 1.1, 1.12, 1.14, 1.16, 1.18, 1.2, 1.22, 1.24, 1.26, 1.28, 1.3, 1.32, 1.34, 1.36, 1.38, 1.4, 1.42, 1.44, 1.46, 1.48, 1.5, 1.52, 1.54, 1.56, 1.58, 1.6, 1.62, 1.64, 1.66, 1.68, 1.7, 1.72, 1.74, 1.76, 1.78, 1.8, 1.82, 1.84, 1.86, 1.88, 1.9, 1.92], 'tracked_dominant_frequency_hertz': [326.69797487957624, 326.70809954907907, 326.4997083213936, 326.18862174957775, 326.23797366451646, 326.9348177170485, 327.991337548252, 328.6876219431469, 328.7830836912766, 328.42560177841074, 327.85503085849166, 325.296375734191, 322.16543115051616, 321.6145932149318, 324.097207651506, 326.84073605194925, 327.5879792612423, 328.05373037585423, 328.11061732277176, 327.77128869393766, 327.3654184424605, 327.2004421989793, 327.50486970336897, 328.12372006832885, 328.55833091754914, 328.40398068905716, 327.8693533052558, 327.37514517299223, 327.24917992904074, 327.44177307920404, 328.26483992377, 329.6809734752917, 330.4807876600706, 330.05626637689426, 328.6770195305903, 327.71517437005053, 327.461722675983, 327.4087264879471, 327.23832361784594, 327.08896066262514, 327.22986942795745, 327.6809187021166, 327.8211760810904, 327.6683359468575, 327.76029903426127, 328.0758044158678, 328.15354868779184, 327.8627960972172, 327.85661397856876, 328.3476502359537, 328.7410756321587, 328.6222313081886, 327.9716762383805, 327.2391067872652, 326.82281844127294, 326.9181895294617, 327.6389342855479, 328.57044114709805, 329.064286279799, 328.6494032875381, 328.25314231386346, 332.17019241507353, 334.013477553326, 333.0710788426006, 329.7022686523903, 328.5005004717352, 328.68329618293365, 328.6840614398832, 328.219193416245, 327.33176086816763, 326.471981058978, 326.1507211693739, 326.2473571635146, 326.342694497856, 326.285662648158, 326.21122368201566, 326.34109262817117, 326.7305496170325, 327.19678257969844, 327.4722194504831, 327.43452299974956, 327.0486969025697, 326.3720250071366, 325.8517035835246, 325.8712935678777, 326.3265639969089, 326.6674647075364, 326.6277846925585, 326.32064668274126, 326.0406495874545, 325.88362638800373, 325.8744895006366, 326.07200637026654]}",,,f0021afba4048c59ae237325c932abef76433f03c437794d73de0e417384ddea
98_int_low.wav,2eac0ef746c818ecac50fe77ca0099894f4762d55428a3cddfeb3007a6092cc5,44100,1,PCM_16,110250,2.5,engine_loop,-0.7177803986972536,-0.7138248625081005,-12.176466138567594,-12.655249619887195,-12.673552303155194,-11.36341118358947,11.45868573987034,2.1828026434721917,1.523724448739408,0.555751461982722,-12.318165050267474,-11.280056099353413,0,0.0,0.007256235827664399,2,2,-14.081231574821816,2.239931972789116,-13.122744188322894,-12.892742061931365,-12.796524136428669,0.6034693877551021,"{'autocorrelation_median_hertz': 61.849478805316814, 'autocorrelation_median_confidence': 0.77561674284692, 'autocorrelation_confident_frame_percent': 100.0, 'autocorrelation_confident_frequency_10_90_hertz': [61.77628827807231, 61.97922647624083], 'tracked_dominant_median_hertz': 618.6335809786239, 'tracked_dominant_10_90_cents': 2.9465680743922174, 'tracked_dominant_drift_cents_per_second': -0.20723014378625693, 'periodicity_frequency_hertz': [61.81504748399359, 61.79516741873972, 61.81443044843482, 61.80335354112789, 61.79069166158023, 61.81742233148682, 61.83209601063953, 61.83651760138474, 61.860047568475174, 61.82269951367959, 61.79719611928024, 61.80216834575124, 61.79972223587653, 61.814532120952215, 61.80188362442109, 61.79051523123033, 61.75886436983237, 61.775899928364694, 61.75598443652105, 61.741844962654746, 61.736777313793105, 61.76189842359661, 61.77771287674241, 61.821697879975865, 61.84297388191617, 61.85283200199631, 61.86177616822067, 61.85889917754695, 61.864461569789434, 61.863271752072556, 61.848206635206864, 61.85826072282289, 61.8607992933718, 61.8542423121901, 61.842527565273706, 61.81548431129878, 61.787906445042836, 61.77645471366129, 61.76499138704736, 61.75361344640974, 61.72527263734313, 61.72427685865506, 61.74697707380214, 61.77093693338303, 61.80021103704425, 61.82169686571215, 61.82193984219803, 61.83342737789597, 61.8485558888249, 61.83996908020804, 61.84262553195733, 61.83426630044137, 61.84237312277937, 61.837187341759794, 61.83448746235883, 61.83136495564999, 61.84462329506542, 61.847645755499244, 61.86709653797899, 61.86620907254357, 61.86653087840443, 61.87885208925268, 61.87708936522144, 61.88112898953038, 61.889580745916504, 61.90098035297803, 61.93639175211427, 61.97156435185167, 61.991214613957304, 61.97301588022658, 61.94769387207146, 61.923757746232205, 61.90589091274625, 61.84506531186344, 61.830986262319776, 61.7975406171856, 61.78562067531992, 61.79330370539867, 61.79359752993484, 61.8016243883404, 61.85040172180873, 61.87158100570306, 61.92855427059334, 61.992953883597266, 62.02002451851379, 62.073901680935364, 62.08428404027069, 62.088945871448004, 62.07757918577313, 62.072137752053315, 62.09308812603614, 62.03840471321894, 61.98706047862265, 61.93948311582112, 61.90430082368305, 61.893373845227984, 61.85687179012534, 61.83559357750706, 61.84060952096801, 61.85660136655748, 61.858341161970536, 61.87146253674343, 61.88880843349196, 61.91252769791891, 61.942103198401746, 61.95047082358321, 61.96502552157535, 61.986329042822156, 61.97618251913455, 61.95763137721339, 61.92501799731728, 61.898294707089086, 61.892967333750775, 61.882912394462906, 61.87578326166101, 61.87370158644206, 61.86273360459663, 61.83805266023877], 'periodicity_confidence': [0.7706106869066458, 0.7632313741561986, 0.7797449812975814, 0.7680720021001247, 0.7754079066785645, 0.778472801218266, 0.7794165486347187, 0.7695388104032769, 0.7817232572048238, 0.7758255790152754, 0.761362449659265, 0.7793000817894722, 0.7784448104585251, 0.7843316720485354, 0.7791178993762377, 0.7696149709315419, 0.7672881217494668, 0.7490292612801627, 0.7559129171647752, 0.7597974942592876, 0.7639309176770555, 0.7546991925510151, 0.774227710667447, 0.7859247389522147, 0.7980924047798966, 0.8045693167653578, 0.8106209846631315, 0.8015920632255319, 0.7929418552995026, 0.8023896858731719, 0.798762110993828, 0.7921103477256627, 0.7792104255757016, 0.7926334592594144, 0.7983876911589878, 0.7908604599849713, 0.798976739234682, 0.7844922360120186, 0.7797150504562201, 0.7703239652315407, 0.7681222014531045, 0.7583015538559525, 0.7546036224199668, 0.7646241956484129, 0.7762472066086483, 0.7876590018787579, 0.7931238394244385, 0.8038409278462016, 0.7974217287956754, 0.7946541485485835, 0.7937449306153042, 0.7957181761266242, 0.7859178414515469, 0.802221071384003, 0.7980020028812986, 0.7855189449419472, 0.7911904062764183, 0.8000967662919025, 0.7801634589103779, 0.7724479273350204, 0.7814921740997463, 0.7825562623612342, 0.7784345516403195, 0.7566410625297517, 0.7393004690699054, 0.7364840621896348, 0.739871866806408, 0.7196943762197646, 0.7300210944231592, 0.7310403351697774, 0.7357514092697637, 0.7701386327219418, 0.7677202789892559, 0.7812238948242682, 0.7939254322850293, 0.7953577245660955, 0.7896398072862097, 0.7996574443457178, 0.7819381271550584, 0.7905288240053384, 0.7749112736048015, 0.781252032247556, 0.7793821079280027, 0.7723118132994269, 0.7724430870713586, 0.749397884435268, 0.7443051687718683, 0.7224095439130966, 0.691847905324736, 0.6746664391122843, 0.6543547014955886, 0.674683522569379, 0.7179701921234877, 0.7215157024794144, 0.7421088393983284, 0.7764860616036717, 0.7607094147780091, 0.7684280705656359, 0.7690158121547944, 0.7672865756364218, 0.7758580984117507, 0.7642241971011969, 0.7636099773521073, 0.7520679044872819, 0.7194878425002026, 0.7123204435303938, 0.6802222662697135, 0.6862638573370264, 0.7011203445008855, 0.7192177906082589, 0.7416806739774197, 0.7641320958900328, 0.7835101930208588, 0.7776014467384935, 0.7836258704769197, 0.7774672812060274, 0.7739419863371995, 0.7882402111330985], 'times_seconds': [0.08, 0.1, 0.12, 0.14, 0.16, 0.18, 0.2, 0.22, 0.24, 0.26, 0.28, 0.3, 0.32, 0.34, 0.36, 0.38, 0.4, 0.42, 0.44, 0.46, 0.48, 0.5, 0.52, 0.54, 0.56, 0.58, 0.6, 0.62, 0.64, 0.66, 0.68, 0.7, 0.72, 0.74, 0.76, 0.78, 0.8, 0.82, 0.84, 0.86, 0.88, 0.9, 0.92, 0.94, 0.96, 0.98, 1.0, 1.02, 1.04, 1.06, 1.08, 1.1, 1.12, 1.14, 1.16, 1.18, 1.2, 1.22, 1.24, 1.26, 1.28, 1.3, 1.32, 1.34, 1.36, 1.38, 1.4, 1.42, 1.44, 1.46, 1.48, 1.5, 1.52, 1.54, 1.56, 1.58, 1.6, 1.62, 1.64, 1.66, 1.68, 1.7, 1.72, 1.74, 1.76, 1.78, 1.8, 1.82, 1.84, 1.86, 1.88, 1.9, 1.92, 1.94, 1.96, 1.98, 2.0, 2.02, 2.04, 2.06, 2.08, 2.1, 2.12, 2.14, 2.16, 2.18, 2.2, 2.22, 2.24, 2.26, 2.28, 2.3, 2.32, 2.34, 2.36, 2.38, 2.4, 2.42], 'tracked_dominant_frequency_hertz': [618.2021830580361, 618.0061358823393, 617.9384648178101, 618.0211723547122, 618.0961965497371, 618.1588096608886, 618.2071921255126, 618.2853212736032, 618.4111761023016, 618.4610226725089, 618.2682336856733, 617.9702409895749, 617.8617677805601, 618.1382795474924, 618.604650291326, 619.0679687244883, 619.4345573567771, 619.5597027458329, 619.4010753577151, 618.9444143877213, 618.4692135037051, 618.339739289802, 618.4839758594711, 618.6579953277471, 618.7956647735219, 618.7566891275384, 618.6262537524816, 618.5838001189813, 618.6587452733186, 618.7908911852506, 618.912915031521, 618.9674131298476, 619.009111148812, 619.0387002313996, 619.0144406309023, 618.8658927029827, 618.5479753224636, 618.2018294793029, 618.1742104715206, 618.6691151113745, 619.4059575637598, 619.7857532008862, 619.6007611352746, 619.0603504833649, 618.658149700932, 618.5211108891381, 618.6355659520594, 618.8370904056358, 618.8890312166493, 618.7217744875069, 618.4184673830928, 618.1624964457739, 618.1486544569739, 618.3768620807733, 618.5554565101512, 618.5752901474451, 618.5086235875673, 618.5081378165329, 618.6154456821412, 618.8228218329998, 618.9646698682487, 619.0524885421848, 619.0816082133073, 619.0133291536607, 618.9130874976116, 618.743108455449, 618.4135130598767, 618.2698746228862, 618.3374515017948, 618.4422562472779, 618.3894549194634, 618.2154826760533, 618.128912359574, 618.3557063106001, 618.6144277567714, 618.8613978556824, 618.9583801330906, 618.843798903926, 618.6268109879327, 618.4310536625077, 618.3095466047171, 618.431149304843, 618.7363647886239, 619.1665204229627, 619.5035408054669, 619.339331033519, 618.7538757489556, 618.2384097849799, 618.1396070515775, 618.3859452350631, 618.6095647730615, 618.6315960051883, 618.6605820341207, 618.9118045971877, 619.2522288355583, 619.3499587649646, 619.2231615364916, 619.0032863969432, 618.8217382138322, 618.6836060643097, 618.5432855853334, 618.4881251225036, 618.480628944852, 618.3945696300847, 618.1250384864973, 617.8293853201315, 617.8104517126031, 618.222925029405, 618.8187825523278, 619.16852539505, 619.0366927153085, 618.671039912487, 618.2664055210837, 617.8415371513424, 617.363114119231, 617.0335586771185, 616.9999674297811, 617.2765662585351]}",,,2eac0ef746c818ecac50fe77ca0099894f4762d55428a3cddfeb3007a6092cc5
98_int_max_5.wav,f6b6cd4389fee32cb5f4b41a550e7aa146d4a5d0912fda86551dabfd598aa50b,44100,1,PCM_16,222892,5.054240362811791,engine_loop,-0.04997709974454696,0.16257984224118696,-5.036495047695558,-5.222370469657096,-5.2285436124032065,-4.093399752969038,4.986517947951011,2.1703012925447758,2.1751926992553816,0.7681867921902268,-4.993507824667642,-4.09180277311213,0,5.926188467957576,13.28670387452219,10234,24,-7.199522213314454,1.7660090702947846,-6.148555530465298,-5.192540484584586,-5.2395137957286515,1.8957369614512471,"{'autocorrelation_median_hertz': 127.67874343625982, 'autocorrelation_median_confidence': 0.893653328436674, 'autocorrelation_confident_frame_percent': 100.0, 'autocorrelation_confident_frequency_10_90_hertz': [127.6140875245042, 127.80169517648012], 'tracked_dominant_median_hertz': 127.77143493940281, 'tracked_dominant_10_90_cents': 7.403122920625347, 'tracked_dominant_drift_cents_per_second': 0.19911749018800234, 'periodicity_frequency_hertz': [127.64363200465523, 127.6406622383553, 127.68090003305274, 127.70200233754096, 127.72904859620026, 127.7265062481615, 127.71770143612048, 127.73093308024937, 127.71610314726763, 127.70436072478691, 127.67712497505003, 127.65464372863921, 127.60377913399081, 127.58791294596891, 127.58879141199033, 127.58216968868118, 127.58079464172894, 127.58132589020364, 127.59546334894554, 127.6015319633528, 127.60767268616648, 127.63722767574262, 127.61741093457702, 127.63696817244491, 127.6397577741563, 127.65214151910727, 127.66230628205267, 127.70828568532272, 127.72913869521207, 127.7463572377917, 127.74354338673022, 127.72440262058815, 127.74306369503316, 127.7173914928763, 127.71663776850487, 127.71042733279134, 127.67824189759686, 127.6541655422943, 127.6841569672296, 127.71875912765499, 127.72546802263989, 127.72561122979948, 127.65955441952717, 127.64635050253655, 127.65971218211713, 127.67467310832683, 127.67002622961961, 127.6271159438199, 127.6133862407235, 127.63377743952505, 127.65687059948117, 127.67567683763114, 127.67159296451045, 127.65759754675958, 127.66392846852904, 127.69257171870494, 127.68448789788731, 127.67671005620016, 127.64735515101148, 127.64564273779162, 127.6261381393431, 127.65490303256081, 127.69428606692045, 127.68204250491803, 127.67891926830941, 127.67377334467194, 127.6650472699099, 127.68960668792283, 127.68759948055424, 127.70605326915395, 127.7301302020292, 127.7459268728138, 127.72349302615045, 127.72691485222934, 127.73907134833165, 127.70265247225224, 127.69259765877021, 127.66551538181714, 127.66897794788468, 127.65298036653263, 127.63272613811759, 127.63577791593416, 127.64826227867806, 127.65470948414911, 127.64159822617022, 127.63495249230849, 127.65195238003089, 127.68713617650339, 127.70198471966107, 127.71226853780608, 127.74735078779348, 127.74923547900083, 127.77051740912593, 127.77734487694572, 127.77044027137784, 127.76611050106354, 127.77767766050597, 127.77411715695617, 127.78968108279227, 127.80231294946664, 127.79808129087424, 127.80076851700034, 127.80670150709786, 127.8230910156794, 127.82297388306372, 127.85074285653147, 127.86053128145637, 127.85980442900534, 127.8528919942466, 127.83760392620817, 127.85407863186364, 127.85631295296008, 127.8542625423231, 127.84189179997458, 127.83476919391047, 127.83207531931215, 127.82846899779163, 127.84276781041561, 127.85394672158239, 127.81301349426847, 127.80467142646637, 127.77828736728206, 127.78511428690155, 127.80297274275935, 127.80752194367106, 127.77479504562338, 127.78704390351889, 127.77300965422151, 127.76873442972133, 127.77654737886692, 127.77524871653962, 127.77193843305174, 127.75469460648536, 127.74241131123821, 127.73228584120692, 127.73792226095144, 127.70477007351423, 127.70607423820728, 127.64965034877604, 127.63421827558032, 127.61161222281298, 127.62407232012133, 127.65310743937499, 127.65521164187987, 127.64078543410125, 127.63288806613394, 127.61755203921646, 127.63108270999453, 127.62774019527933, 127.58710213377887, 127.57847452354537, 127.56039576356207, 127.54646073398435, 127.54965316867546, 127.5667978106805, 127.55777138093904, 127.53875484484902, 127.52977898768704, 127.57366236118321, 127.63013642167063, 127.657225633376, 127.67154682634164, 127.65160259426428, 127.65629353491704, 127.69063714565429, 127.69903510581197, 127.67874343625982, 127.67063589486018, 127.66505145134373, 127.65756342476158, 127.67561575169609, 127.70953961467859, 127.71892239436833, 127.73755694681806, 127.72191766906943, 127.74323186988508, 127.74769671361871, 127.71416897890022, 127.71366919596335, 127.67329973858993, 127.66637586924844, 127.647389291321, 127.66247935876633, 127.6600079108646, 127.6721453866725, 127.6603131342841, 127.64361733607284, 127.63976056436553, 127.6463521784719, 127.65084507669903, 127.63234348435995, 127.6353855367621, 127.61140524830051, 127.61262769257148, 127.64630337973084, 127.68364391243854, 127.69904388552928, 127.7243751680925, 127.70708493941714, 127.7090898216837, 127.72314553052873, 127.71974667994577, 127.6871033350108, 127.66734269004355, 127.6377048036736, 127.61592191457827, 127.61910306697727, 127.6396410200105, 127.66550689756485, 127.65132726111369, 127.64219473598594, 127.62714777743481, 127.62842968828545, 127.65139732410603, 127.65679127521048, 127.6122405660664, 127.59286441993237, 127.61513945017523, 127.63307952145112, 127.64441897244316, 127.6336305876429, 127.62268670856069, 127.62431939972544, 127.6385164477918, 127.674999610092, 127.666124016266, 127.66706650477046, 127.6674431214837, 127.68562817750798, 127.71725346362342, 127.74134749269211, 127.74961183076243, 127.73176483386392, 127.72011743049828, 127.71953714109883, 127.72999250712479, 127.73299166682663, 127.72968453691189, 127.73896899435528, 127.74644503511429, 127.75876112184405, 127.79036820362917, 127.81055441145118, 127.8263435109288, 127.81295736966555], 'periodicity_confidence': [0.89046402260812, 0.8835779366140429, 0.8869604839503862, 0.8881368863243839, 0.8800331951521899, 0.8944065760924381, 0.8988832495157342, 0.8998798006231253, 0.9041332327651774, 0.9036743744472406, 0.9034514908881125, 0.8968910239288741, 0.8903709472816194, 0.8875262886582547, 0.8848417859703134, 0.8883935467777198, 0.8890980983622537, 0.8932507618931878, 0.8922820610463066, 0.8984753601331272, 0.9018100827152683, 0.9027040358868211, 0.8980108812136477, 0.8993806884337707, 0.8911228020629638, 0.8914989737451389, 0.8913321519487761, 0.8862694602847849, 0.8860280729101414, 0.8847187493229525, 0.8879188113277856, 0.8949287343437993, 0.8904955606050126, 0.8921031176803738, 0.8905170192131759, 0.8877951481568417, 0.884782798225712, 0.8871335107840408, 0.8836066921789274, 0.8833496319951706, 0.8794449793654575, 0.8771249915081879, 0.8781502485739655, 0.8807325919340511, 0.8832758483967998, 0.889525929345568, 0.8934850921065083, 0.8999189990183399, 0.903873603269893, 0.9008918141157695, 0.9042769766680927, 0.9004802249994253, 0.9014547043507952, 0.8922147221313352, 0.8892970181071428, 0.8859281145945237, 0.8798297503547191, 0.8748143045648911, 0.87153895367629, 0.8755630307307183, 0.874978497505067, 0.875478537631762, 0.8831588234143029, 0.8809625968650903, 0.875158422270731, 0.8645379236175246, 0.8622381839889759, 0.8590863443126139, 0.8552834834816722, 0.8552719607480965, 0.857859689855916, 0.8611243113012885, 0.8683667839557909, 0.8741472148429934, 0.8655225162855662, 0.8616805433026058, 0.8574674685058722, 0.8637405128786702, 0.8589448485686478, 0.8472399815422398, 0.8421502873596888, 0.8441384584394637, 0.8480218343770614, 0.8471154010501322, 0.8483639135656408, 0.848772203011655, 0.8604410572895509, 0.8599370604927046, 0.8699592039832972, 0.8669837620753799, 0.8660540958772974, 0.8701835414168757, 0.8717553717364022, 0.8722852467236898, 0.8713928619748464, 0.8771741152418387, 0.8707542992950467, 0.8727930781738651, 0.8644430736237632, 0.861563535777858, 0.8657517334656624, 0.8646033472505397, 0.8591250626840053, 0.8579908797153906, 0.8609835909229661, 0.8609484072706187, 0.8717022819699543, 0.8673410596655095, 0.8651860429411454, 0.8772565571883602, 0.8787374096583909, 0.8802451131569198, 0.8804904712133013, 0.8816954765335658, 0.8755879208227605, 0.878407961442136, 0.8822117730717935, 0.8858505239641333, 0.887959132397669, 0.8917245878942283, 0.8945084704254677, 0.8968193096720289, 0.8973996397082356, 0.8988046978989452, 0.8938931120576032, 0.891486610203143, 0.8847196344224761, 0.8924927557120258, 0.8916063090420634, 0.8897930867393948, 0.8905883516501265, 0.892404039793939, 0.899173051999868, 0.9002612254842709, 0.9000438040500643, 0.8950166872251422, 0.8979878787135679, 0.8934850990988263, 0.8972181308082618, 0.8981357656442467, 0.9001667986768935, 0.9033507736911943, 0.9015131989087147, 0.9044632766791354, 0.907669272291615, 0.9033569583308821, 0.9047933735711373, 0.9013725846530396, 0.8936445226695965, 0.8952626497922856, 0.8977566114895583, 0.8962433696230863, 0.8990917195690432, 0.9022251494042848, 0.9016431451483691, 0.905197932689415, 0.9053601472871564, 0.9066385327722505, 0.9062479987819865, 0.9021964398639462, 0.9014346975070439, 0.9045142111970114, 0.9020174914877767, 0.9062312173564793, 0.904256504479215, 0.9067173466156132, 0.909079247295628, 0.9132549333679807, 0.9108618825672715, 0.9128493841232367, 0.912719041227025, 0.9108155104777031, 0.9161882336353221, 0.9135576072972991, 0.913468322681847, 0.9023735079059494, 0.9046983999905462, 0.9020066485137122, 0.9042543323141945, 0.9033687164460227, 0.9129520362482351, 0.9120706546958418, 0.9190313949853689, 0.9169997430612801, 0.9135747614855488, 0.9164701069965775, 0.9085698208631832, 0.9082781903010262, 0.911398316475383, 0.9097738724880169, 0.9130786019448194, 0.9148714847904721, 0.9144273275424457, 0.9136074747701225, 0.9168833657820972, 0.9199991149159268, 0.9160273281691562, 0.913984439223617, 0.9117484799703591, 0.9154147641416295, 0.9123939194340158, 0.9074743753734986, 0.9098844964914936, 0.9119564000301976, 0.9079990464268904, 0.9092518889798569, 0.9108541392532679, 0.9118348522559003, 0.9108222752366116, 0.9091309019423339, 0.8991498790672027, 0.9000725165574001, 0.8977728776072214, 0.8942451745312161, 0.893653328436674, 0.8954986286166575, 0.8964616969287267, 0.8880882744758192, 0.8974150080109226, 0.8898982943623788, 0.8912030768944306, 0.8932786707088941, 0.8903952812419703, 0.8932221438400036, 0.8941732271611971, 0.903272397874966, 0.9027931378563049, 0.9078739151842772, 0.9024495839304995, 0.8988837610199867, 0.9031979294591076, 0.8942105353507156, 0.8965624031783799, 0.8909278736984093, 0.889550400786259, 0.8916869324225757, 0.8941979665473072, 0.8998814333414321, 0.8943830521657015, 0.8942687222549562, 0.8941013204490572, 0.8952922923280042, 0.888721640851916, 0.8877589177488476, 0.8886649834870388], 'times_seconds': [0.08, 0.1, 0.12, 0.14, 0.16, 0.18, 0.2, 0.22, 0.24, 0.26, 0.28, 0.3, 0.32, 0.34, 0.36, 0.38, 0.4, 0.42, 0.44, 0.46, 0.48, 0.5, 0.52, 0.54, 0.56, 0.58, 0.6, 0.62, 0.64, 0.66, 0.68, 0.7, 0.72, 0.74, 0.76, 0.78, 0.8, 0.82, 0.84, 0.86, 0.88, 0.9, 0.92, 0.94, 0.96, 0.98, 1.0, 1.02, 1.04, 1.06, 1.08, 1.1, 1.12, 1.14, 1.16, 1.18, 1.2, 1.22, 1.24, 1.26, 1.28, 1.3, 1.32, 1.34, 1.36, 1.38, 1.4, 1.42, 1.44, 1.46, 1.48, 1.5, 1.52, 1.54, 1.56, 1.58, 1.6, 1.62, 1.64, 1.66, 1.68, 1.7, 1.72, 1.74, 1.76, 1.78, 1.8, 1.82, 1.84, 1.86, 1.88, 1.9, 1.92, 1.94, 1.96, 1.98, 2.0, 2.02, 2.04, 2.06, 2.08, 2.1, 2.12, 2.14, 2.16, 2.18, 2.2, 2.22, 2.24, 2.26, 2.28, 2.3, 2.32, 2.34, 2.36, 2.38, 2.4, 2.42, 2.44, 2.46, 2.48, 2.5, 2.52, 2.54, 2.56, 2.58, 2.6, 2.62, 2.64, 2.66, 2.68, 2.7, 2.72, 2.74, 2.76, 2.78, 2.8, 2.82, 2.84, 2.86, 2.88, 2.9, 2.92, 2.94, 2.96, 2.98, 3.0, 3.02, 3.04, 3.06, 3.08, 3.1, 3.12, 3.14, 3.16, 3.18, 3.2, 3.22, 3.24, 3.26, 3.28, 3.3, 3.32, 3.34, 3.36, 3.38, 3.4, 3.42, 3.44, 3.46, 3.48, 3.5, 3.52, 3.54, 3.56, 3.58, 3.6, 3.62, 3.64, 3.66, 3.68, 3.7, 3.72, 3.74, 3.76, 3.78, 3.8, 3.82, 3.84, 3.86, 3.88, 3.9, 3.92, 3.94, 3.96, 3.98, 4.0, 4.02, 4.04, 4.06, 4.08, 4.1, 4.12, 4.14, 4.16, 4.18, 4.2, 4.22, 4.24, 4.26, 4.28, 4.3, 4.32, 4.34, 4.36, 4.38, 4.4, 4.42, 4.44, 4.46, 4.48, 4.5, 4.52, 4.54, 4.56, 4.58, 4.6, 4.62, 4.64, 4.66, 4.68, 4.7, 4.72, 4.74, 4.76, 4.78, 4.8, 4.82, 4.84, 4.86, 4.88, 4.9, 4.92, 4.94, 4.96], 'tracked_dominant_frequency_hertz': [128.2489410753179, 128.04978166104058, 127.88296862280517, 127.80471665804725, 127.83617622717348, 127.86703633609585, 127.81235487261587, 127.72876489861534, 127.7291926213572, 127.73442238629774, 127.70840856472779, 127.72552863125702, 127.8066979422405, 127.8288172400177, 127.8094000759755, 127.84984434153576, 127.96544404260344, 128.00773311703352, 127.97550991218993, 127.88866512669493, 127.79157455539489, 127.69256647210021, 127.67203503258132, 127.7235575495889, 127.8564646619905, 127.82110806456632, 127.76041054099885, 127.81436015901181, 127.92627657249926, 127.95155580406043, 127.89764872207928, 127.7708198290389, 127.63963531743545, 127.50550108757965, 127.54850003458357, 127.77565942342355, 128.05440191480082, 128.09636087079036, 127.93638535618325, 127.84376973747915, 127.9112548596734, 127.9949488890676, 127.97134584012109, 127.84610396707127, 127.68315120002666, 127.53097566415387, 127.52307645097818, 127.59330554074461, 127.65042609632438, 127.73603771676865, 127.8480636563038, 128.0174629349998, 128.14955281837476, 127.96259237629242, 127.64646780351805, 127.52167120214148, 127.66682687223437, 127.93184556063335, 128.05749881068223, 128.05076507416854, 127.98125188669037, 127.72325777022724, 127.47571895761374, 127.31809177723183, 127.3028483786238, 127.50845436830085, 127.76523728957736, 127.95402949254193, 128.04935201580298, 127.94920196444117, 127.76811379237513, 127.466174315023, 127.32097808986535, 127.50407912293991, 127.89056518042362, 128.05331756359377, 127.85355819234576, 127.48945908196532, 127.36284425638632, 127.50637316445584, 127.67019099037026, 127.55435313013318, 127.44007383397461, 127.63162030798581, 127.93883057747843, 128.05681106730518, 128.00266911687862, 127.99086041129299, 128.0929324774481, 128.1144536790187, 127.88327299477791, 127.56905696967821, 127.32468076749635, 127.34854659989222, 127.62064181736133, 127.97325416307848, 127.95567315973226, 127.59255516023607, 127.38752811248652, 127.46985336334151, 127.66646880352029, 127.73413002015899, 127.71339225284748, 128.20918325379915, 129.14199483551837, 129.46592654186728, 128.8180924667127, 127.9720182568523, 127.78073176384909, 128.11639567372674, 128.1443992523025, 127.75279420953294, 127.52001826175812, 127.57543541592514, 127.67795484866511, 127.68474290397444, 127.71025956666105, 127.69899562465598, 127.68550872818126, 127.75888343532701, 127.95006702819701, 128.0563360384639, 127.83958828936264, 127.54322677294427, 127.53529945683749, 127.73173964629339, 127.74693163274657, 127.65827059468451, 127.6497054687717, 127.83678781859435, 127.88946184070741, 127.67960409304627, 127.42636148066657, 127.44342327883682, 127.6478640464549, 127.94590273195307, 128.00034368420575, 127.88420428224467, 127.64984094608262, 127.45886562365195, 127.35946385242721, 127.30220552903084, 127.31035502413468, 127.45466033627692, 127.70107684467904, 127.93995176360038, 128.04084982393067, 128.0849311040027, 127.99552694135302, 127.74582435331486, 127.59315525395661, 127.75350914149114, 127.98349339175634, 128.01859805234042, 127.81604584524734, 127.71549791415335, 127.76123794995412, 127.76903899780775, 127.64933442402055, 127.54085479510346, 127.50147917361377, 127.61317462470545, 127.75000228773175, 127.88506869484915, 127.97617139956613, 127.97566228816304, 127.87751437764744, 127.88406945585453, 127.96911642588297, 127.98372679731932, 127.81401128582691, 127.62393591992077, 127.54288752521418, 127.61549227750658, 127.68990086758349, 127.82340918921166, 127.92300913744067, 127.87266441046805, 127.70714185596708, 127.60996916970623, 127.69713935093719, 127.85281643830042, 127.82555839980174, 127.71849222067381, 127.66327053363356, 127.7608720604421, 127.91466826020464, 127.98144195896386, 127.91342819729039, 127.83878251618648, 127.83922177106062, 127.87891455449147, 127.8306287245205, 127.71618691126369, 127.67309299487806, 127.76103766574866, 127.82103201965052, 127.75393880508524, 127.68454924751035, 127.74148460695537, 127.82926444250542, 127.85270136755747, 127.80209513000814, 127.77205004976672, 127.84709093083534, 128.0632704488644, 128.32227907435131, 128.4344310927884, 128.26094664075805, 127.9894749758706, 127.88618894303389, 127.91299290124356, 127.88997659194447, 127.85966928813579, 127.88554834190568, 127.88554192878463, 127.81479982203066, 127.75273979660493, 127.76835049518972, 127.77408000672634, 127.7160626329308, 127.66134936261116, 127.73553636614385, 127.8595082134233, 127.90862121408932, 127.88609322212392, 127.83726728036986, 127.85588576087144, 127.909165535131, 127.86184323355512, 127.79157080928111, 127.80036952552618, 127.8568811478326, 127.96931811010624, 127.92789517328517, 127.7524992658394, 127.70335879764046, 127.7912913308435, 127.87394814481138, 127.84727696223624, 127.74518564247765, 127.67906678903493, 127.69318923643294, 127.76210940811706, 127.88876144354275]}",,,f6b6cd4389fee32cb5f4b41a550e7aa146d4a5d0912fda86551dabfd598aa50b
98_int_med.wav,d1a527d5ddf3ec6d4f38127d1c6a3b00d7b7771d5473f68315e4352c98db4007,44100,1,PCM_16,110250,2.5,engine_loop,-0.2905539153883484,-0.26569770712765384,-10.745694135529703,-11.277482961712293,-11.312778763205559,-9.853228719563331,10.455140220141354,2.752155386551724,1.9534791822453794,0.7043809403531233,-10.835060339798845,-9.572037340168588,0,0.0,0.0326530612244898,11,3,-13.709201495882466,0.09979591836734694,-12.035125830365196,-10.467298830470089,-9.707237273684694,0.3188662131519274,"{'autocorrelation_median_hertz': 68.37300774592293, 'autocorrelation_median_confidence': 0.7889230001150147, 'autocorrelation_confident_frame_percent': 100.0, 'autocorrelation_confident_frequency_10_90_hertz': [68.2913157875376, 68.44324654548883], 'tracked_dominant_median_hertz': 683.543278719452, 'tracked_dominant_10_90_cents': 3.976368112779869, 'tracked_dominant_drift_cents_per_second': 2.020884009123395, 'periodicity_frequency_hertz': [68.37198879438246, 68.37645191943204, 68.35967325365503, 68.36785077692754, 68.36291014973602, 68.36975227258925, 68.3586403375268, 68.36459316398646, 68.36393149855347, 68.36465542550492, 68.35062903938991, 68.38000086843674, 68.38073603736224, 68.3770285325354, 68.38701472915334, 68.38347252977698, 68.37262525892322, 68.35918567308991, 68.35537531869471, 68.34837267352576, 68.3758361014247, 68.37189549842066, 68.35875358486773, 68.34106471551057, 68.3517361422921, 68.32839053710288, 68.31312600529417, 68.30419486188727, 68.27439118099488, 68.2732063513038, 68.27226961726404, 68.28368790435644, 68.28684942253288, 68.29128872464477, 68.2887659266937, 68.28440135616971, 68.2859927596452, 68.29509662244561, 68.29331840352768, 68.29132738592024, 68.26709398737614, 68.27642178763851, 68.28823533397834, 68.3022793766873, 68.30132138370566, 68.29994181632338, 68.30705708766831, 68.31479921011014, 68.31393544787475, 68.32974811052786, 68.31675205436466, 68.33280159883763, 68.33398145977932, 68.32978322633399, 68.34448372950276, 68.34062527778445, 68.34177254186127, 68.35465295493232, 68.35933517296138, 68.37923868704225, 68.36813474347088, 68.3785550014159, 68.37339023292265, 68.37141708286251, 68.36382368413365, 68.36378429309669, 68.382343387318, 68.38502147876157, 68.39875989150653, 68.43422650114755, 68.43547669704371, 68.42723759814149, 68.43081156344776, 68.42470146291585, 68.44400561736468, 68.41665219411124, 68.43865226684902, 68.44285196527792, 68.44473409236176, 68.44988730050059, 68.4478827628422, 68.41181229842799, 68.42475019560129, 68.3830214700778, 68.36696526678452, 68.39643635630223, 68.38355502840945, 68.40308163121121, 68.41485535019308, 68.40774613532788, 68.42835023084425, 68.42572060001054, 68.4140719430871, 68.41091499206226, 68.40864533415544, 68.44797866356551, 68.44224312697764, 68.44890584382647, 68.45175774500836, 68.47181299349009, 68.45554406746736, 68.45012554248818, 68.42869794161562, 68.39041589770693, 68.39172741967086, 68.39741000727335, 68.36962134541982, 68.36110907309016, 68.42299505753576, 68.40818036711103, 68.43842379818895, 68.44735785882465, 68.4429212289706, 68.4398767218724, 68.44838866746062, 68.42817621371483, 68.43500520409852, 68.42608884324217], 'periodicity_confidence': [0.7206932807094489, 0.7457282288564971, 0.7432349780366748, 0.7407236058457904, 0.7643457246712377, 0.7700161360175514, 0.7575664207904501, 0.757607914630297, 0.7752628792177306, 0.7682165340419053, 0.7716214872461185, 0.7882686816452542, 0.8009100229391406, 0.8100690042391736, 0.813860563178069, 0.8110738695083177, 0.8107706981874829, 0.8172099011825021, 0.8119868166025699, 0.8165726087936246, 0.810359551171786, 0.8040582281016734, 0.8202536310021402, 0.8249572287310359, 0.8166334527254557, 0.8209239372279273, 0.8238303377055469, 0.8242943517112103, 0.8246405986390889, 0.8123256688735806, 0.8103217634847505, 0.79772676196187, 0.8079735427636338, 0.7970025063698543, 0.7915905922808519, 0.7944693431516087, 0.7778119965349916, 0.7881753067702373, 0.782466576046846, 0.7740384579542412, 0.7847052034209744, 0.7950111815317142, 0.7735317020671653, 0.7596685540519578, 0.766662023036612, 0.7853524312396765, 0.7791330539473657, 0.7913611751887785, 0.7845330190935711, 0.7922209238393404, 0.8127526690498632, 0.7889647118434348, 0.8020468921588393, 0.8095685419379957, 0.8054921409948385, 0.803177117524278, 0.8127246836183846, 0.8041860889228194, 0.7980684290146072, 0.7859932138716126, 0.7421059673091689, 0.7478678275555785, 0.7286651542338488, 0.7349001745362268, 0.7331643831496496, 0.7316548080108852, 0.7599864954102289, 0.7660146546518227, 0.817261816714576, 0.8298487691320343, 0.8340807361315967, 0.8337561660064843, 0.8196815780841243, 0.8196411578027717, 0.7993486249124627, 0.7957610169827152, 0.7903336429902329, 0.793152102086778, 0.7901644796135524, 0.8009056757284014, 0.801101955830075, 0.8027691223576858, 0.7746726455059127, 0.7678683920574283, 0.7647633029715784, 0.7554565930624454, 0.7626678430272825, 0.749263393450085, 0.7636683123160969, 0.7681042455751528, 0.7788602322543444, 0.7937978445069808, 0.7814097896852694, 0.7958578117553241, 0.7396778096769314, 0.7354768054577726, 0.7265418681582544, 0.7239168032871162, 0.7192957652466774, 0.7188971254770308, 0.7074380957041079, 0.7370954748835788, 0.7794918685990716, 0.7543552881105401, 0.7614786489691033, 0.7571575890797547, 0.7621453983148495, 0.7700415373323578, 0.7735519990609749, 0.7891352976707239, 0.8026670195322602, 0.7960971471447695, 0.78852319647718, 0.7888812883865948, 0.7921445554738591, 0.7971442582902323, 0.7919201023090786, 0.8165085811016891], 'times_seconds': [0.08, 0.1, 0.12, 0.14, 0.16, 0.18, 0.2, 0.22, 0.24, 0.26, 0.28, 0.3, 0.32, 0.34, 0.36, 0.38, 0.4, 0.42, 0.44, 0.46, 0.48, 0.5, 0.52, 0.54, 0.56, 0.58, 0.6, 0.62, 0.64, 0.66, 0.68, 0.7, 0.72, 0.74, 0.76, 0.78, 0.8, 0.82, 0.84, 0.86, 0.88, 0.9, 0.92, 0.94, 0.96, 0.98, 1.0, 1.02, 1.04, 1.06, 1.08, 1.1, 1.12, 1.14, 1.16, 1.18, 1.2, 1.22, 1.24, 1.26, 1.28, 1.3, 1.32, 1.34, 1.36, 1.38, 1.4, 1.42, 1.44, 1.46, 1.48, 1.5, 1.52, 1.54, 1.56, 1.58, 1.6, 1.62, 1.64, 1.66, 1.68, 1.7, 1.72, 1.74, 1.76, 1.78, 1.8, 1.82, 1.84, 1.86, 1.88, 1.9, 1.92, 1.94, 1.96, 1.98, 2.0, 2.02, 2.04, 2.06, 2.08, 2.1, 2.12, 2.14, 2.16, 2.18, 2.2, 2.22, 2.24, 2.26, 2.28, 2.3, 2.32, 2.34, 2.36, 2.38, 2.4, 2.42], 'tracked_dominant_frequency_hertz': [684.2032796703454, 684.3545111852177, 684.3458880547087, 684.1275019067899, 684.0471807866276, 684.015559587379, 684.0959408929746, 684.072870159546, 683.8731643968622, 683.6227777016361, 683.4029899122258, 683.2668328078571, 683.3497261648677, 683.660068618159, 683.995319459418, 684.2139128072242, 684.1703352623684, 683.9239989391592, 683.6293832271674, 683.448639026173, 683.480296746724, 683.753744872547, 684.0332648968508, 684.0346675170442, 683.6632463741074, 683.2085025561456, 682.8821833030465, 682.8009777274646, 682.9808352744977, 683.1471596114098, 683.1799491230129, 683.0927291474662, 683.0344051160274, 683.1669567192112, 683.3956297550434, 683.4079148701853, 683.1971043502906, 682.9015795601388, 682.6373766058011, 682.4776339553217, 682.5144773466326, 682.6296403338135, 682.8102848789921, 683.0162572026247, 683.1855619880828, 683.2958914535809, 683.1954170257998, 682.8981006664873, 682.6476951397495, 682.6853582744927, 682.9391839433684, 683.1592720515426, 683.1647977526947, 683.0279816127705, 682.9056882543638, 683.0206845623109, 683.2913267623474, 683.5992382345521, 683.9152605726457, 684.0715636257102, 683.9824628607269, 683.7499742731721, 683.5449592482029, 683.4729261043606, 683.5102399497207, 683.5070119755216, 683.4044993739099, 683.3001570229119, 683.3061315509817, 683.5064952712697, 683.8773808012915, 684.1214655511959, 684.0779708980914, 683.8624245234996, 683.6851821719595, 683.7240177516197, 683.9115516700579, 684.2205171580123, 684.5388681232428, 684.557582923949, 684.2953741660459, 683.9413602608763, 683.6525719755746, 683.5415981907012, 683.4621221235603, 683.4261347952836, 683.6761311716521, 684.1370714166416, 684.4710105169138, 684.4763996284927, 684.1836874890193, 683.8077961915379, 683.7057008508931, 684.0112777919193, 684.7350240258168, 685.9213987229838, 687.9682113504824, 688.872833147767, 687.9171784497621, 685.5296355352376, 684.446858519892, 684.4358571541783, 684.5037349881889, 684.2598317782467, 683.7912463847026, 683.4618954251191, 683.4381004708712, 683.5226543930402, 683.606456309754, 683.8482049141138, 684.2006149110105, 684.5045751716932, 684.5839164695897, 684.320438903833, 683.9830100251687, 683.7609588992286, 683.6750497979116, 683.7992214926016]}",,,d1a527d5ddf3ec6d4f38127d1c6a3b00d7b7771d5473f68315e4352c98db4007
geardn.wav,421a7136b22b1624fda39fe9c0540de73b8a9b8c170e328bc44c4db44e09ee3e,44100,1,PCM_16,8545,0.19376417233560092,one_shot,-3.5614110252779714,-3.5614180556564663,-13.588799730414134,,-16.159352056930697,-14.401618695218252,10.027388705136165,14.321158082812433,1.4510170717890958,0.630775804497245,-12.189056363060658,-11.93984364420241,0,0.0,0.0,0,0,-31.077139427867873,0.17961451247165533,-23.649420729211947,-13.030937293303445,-31.281246924676065,0.09657596371882086,,,,421a7136b22b1624fda39fe9c0540de73b8a9b8c170e328bc44c4db44e09ee3e
gearup.wav,f656d22c4b161d16e70bda277066246b99e73d83d0dd5833fa5c2d63ae9d0657,44100,1,PCM_16,13057,0.2960770975056689,one_shot,-5.677568188626046,-5.675901588086655,-16.606738429474785,,-17.970497419567078,-15.670490774241275,10.929170240848741,14.38198715893472,3.4778019922226857,1.4183864679974505,-16.136100275819558,-15.075852907096996,0,0.0,0.0,0,0,-37.86052170405739,0.2843764172335601,-28.389031602727243,-14.639388669706022,-38.67340329398271,0.04113378684807256,,,,f656d22c4b161d16e70bda277066246b99e73d83d0dd5833fa5c2d63ae9d0657
